EmployeeCode,EmployeeName,DeviceCode,Company,Department,Location,Designation,Grade,Team,Category,EmploymentType,Gender,DOJ,DOC,DOB,RFID,UIDNo,PANNo,VoterIdNo,Status,DOR,HolidayGroup,ShiftGroupCode
TestEmployee1,TestEmployee1,TestEmployee1,DefaultCompany,DefaultDepartment,Default,,,,DefaultCategory,,Male,2017-07-01,2017-07-01,2017-07-12,,,,,Working,3000-01-01,,,,
202501010001,Mohd Tarik,202501010001,DefaultCompany,DefaultDepartment,Default,None,None,None,DefaultCategory,None,Male,1900-01-01,1900-01-01,1900-01-01,,,,,Working,3000-01-01,,,,
202501010002,Faisal,202501010002,DefaultCompany,DefaultDepartment,Default,None,None,None,DefaultCategory,None,Male,1900-01-01,1900-01-01,1900-01-01,,,,,Working,3000-01-01,,,,
202501010003,Shahzeb,202501010003,DefaultCompany,DefaultDepartment,Default,None,None,None,DefaultCategory,None,Male,1900-01-01,1900-01-01,1900-01-01,,,,,Working,3000-01-01,,,,
202501010004,Farzan,202501010004,DefaultCompany,DefaultDepartment,Default,None,None,None,DefaultCategory,None,Male,1900-01-01,1900-01-01,1900-01-01,,,,,Working,3000-01-01,,,,
202501010005,Neetu,202501010005,DefaultCompany,DefaultDepartment,Default,None,None,None,DefaultCategory,None,Male,1900-01-01,1900-01-01,1900-01-01,,,,,Working,3000-01-01,,,,
202501010006,Ankita,202501010006,DefaultCompany,DefaultDepartment,Default,None,None,None,DefaultCategory,None,Male,1900-01-01,1900-01-01,1900-01-01,,,,,Working,3000-01-01,,,,
202501010007,Amimul,202501010007,DefaultCompany,DefaultDepartment,Default,None,None,None,DefaultCategory,None,Male,1900-01-01,1900-01-01,1900-01-01,,,,,Working,3000-01-01,,,,
20250103000001,PUSHPA,20250103000001,Amazon,Default,Punjabi Bagh,Associate,,,Default,,,1900-01-01,1900-01-01,1900-01-01,,,,,Working,3000-01-01,,,,
202501010008,Hemant,202501010008,DefaultCompany,DefaultDepartment,Default,None,None,None,DefaultCategory,None,Male,1900-01-01,1900-01-01,1900-01-01,,,,,Working,3000-01-01,,,,
202501010009,Farukh,202501010009,DefaultCompany,DefaultDepartment,Default,None,None,None,DefaultCategory,None,Male,1900-01-01,1900-01-01,1900-01-01,,,,,Working,3000-01-01,,,,
2025010100010,Sahil,2025010100010,DefaultCompany,DefaultDepartment,Default,None,None,None,DefaultCategory,None,Male,1900-01-01,1900-01-01,1900-01-01,,,,,Working,3000-01-01,,,,
2025010100011,Gaurav,2025010100011,DefaultCompany,DefaultDepartment,Default,None,None,None,DefaultCategory,None,Male,1900-01-01,1900-01-01,1900-01-01,,,,,Working,3000-01-01,,,,
2025101000001,Amimul,2025101000001,DefaultCompany,DefaultDepartment,Default,None,None,None,DefaultCategory,None,Male,1900-01-01,1900-01-01,1900-01-01,,,,,Working,3000-01-01,,,,
2025101000002,Aakash,2025101000002,DefaultCompany,DefaultDepartment,Default,None,None,None,DefaultCategory,None,Male,1900-01-01,1900-01-01,1900-01-01,,,,,Working,3000-01-01,,,,
2025101000003,Farukh,2025101000003,DefaultCompany,DefaultDepartment,Default,None,None,None,DefaultCategory,None,Male,1900-01-01,1900-01-01,1900-01-01,,,,,Working,3000-01-01,,,,
2025101000004,Gaurav,2025101000004,DefaultCompany,DefaultDepartment,Default,None,None,None,DefaultCategory,None,Male,1900-01-01,1900-01-01,1900-01-01,,,,,Working,3000-01-01,,,,
2025101000005,Faisal,2025101000005,DefaultCompany,DefaultDepartment,Default,None,None,None,DefaultCategory,None,Male,1900-01-01,1900-01-01,1900-01-01,,,,,Working,3000-01-01,,,,
2025101000006,Dheeraj,2025101000006,DefaultCompany,DefaultDepartment,Default,None,None,None,DefaultCategory,None,Male,1900-01-01,1900-01-01,1900-01-01,,,,,Working,3000-01-01,,,,
2025101000007,Sahil,2025101000007,DefaultCompany,DefaultDepartment,Default,None,None,None,DefaultCategory,None,Male,1900-01-01,1900-01-01,1900-01-01,,,,,Working,3000-01-01,,,,
2025101000008,Farzan,2025101000008,DefaultCompany,DefaultDepartment,Default,None,None,None,DefaultCategory,None,Male,1900-01-01,1900-01-01,1900-01-01,,,,,Working,3000-01-01,,,,
2025101000009,Shahzeb,2025101000009,DefaultCompany,DefaultDepartment,Default,None,None,None,DefaultCategory,None,Male,1900-01-01,1900-01-01,1900-01-01,,,,,Working,3000-01-01,,,,
2025101000010,Ankita,2025101000010,DefaultCompany,DefaultDepartment,Default,None,None,None,DefaultCategory,None,Male,1900-01-01,1900-01-01,1900-01-01,,,,,Working,3000-01-01,,,,
2025101000011,Neetu,2025101000011,DefaultCompany,DefaultDepartment,Default,None,None,None,DefaultCategory,None,Male,1900-01-01,1900-01-01,1900-01-01,,,,,Working,3000-01-01,,,,
202501020001,saurabh,202501020001,Amazon,DefaultDepartment,Khizrabad,None,None,None,DefaultCategory,None,Male,1900-01-01,1900-01-01,1900-01-01,,,,,Working,3000-01-01,,,,
20250102000002,mohd arif,20250102000002,DefaultCompany,DefaultDepartment,Default,None,None,None,DefaultCategory,None,Male,1900-01-01,1900-01-01,1900-01-01,,,,,Working,3000-01-01,,,,
20250102000003,rajesh,20250102000003,Amazon,DefaultDepartment,Khizrabad,None,None,None,DefaultCategory,None,Male,1900-01-01,1900-01-01,1900-01-01,,,,,Working,3000-01-01,,,,
20250102000004,md javed,20250102000004,Amazon,DefaultDepartment,Khizrabad,None,None,None,DefaultCategory,None,Male,1900-01-01,1900-01-01,1900-01-01,,,,,Working,3000-01-01,,,,
20250102000005,amiron,20250102000005,Amazon,DefaultDepartment,Khizrabad,Associate,None,None,DefaultCategory,None,Male,1900-01-01,1900-01-01,1900-01-01,,,,,Working,3000-01-01,,,,
20250102000006,saurabh prjapat,20250102000006,Amazon,DefaultDepartment,Khizrabad,None,None,None,DefaultCategory,None,Male,1900-01-01,1900-01-01,1900-01-01,,,,,Working,3000-01-01,,,,
20250102000007,anil,20250102000007,Amazon,DefaultDepartment,Khizrabad,None,None,None,DefaultCategory,None,Male,1900-01-01,1900-01-01,1900-01-01,,,,,Working,3000-01-01,,,,
20250102000008,vinay pratap,20250102000008,Amazon,DefaultDepartment,Khizrabad,None,None,None,DefaultCategory,None,Male,1900-01-01,1900-01-01,1900-01-01,,,,,Working,3000-01-01,,,,
20250102000009,umesh,20250102000009,DefaultCompany,DefaultDepartment,Default,None,None,None,DefaultCategory,None,Male,1900-01-01,1900-01-01,1900-01-01,,,,,Working,3000-01-01,,,,
20250102000010,prince,20250102000010,Amazon,DefaultDepartment,Khizrabad,None,None,None,DefaultCategory,None,Male,1900-01-01,1900-01-01,1900-01-01,,,,,Working,3000-01-01,,,,
20250102000011,rohit,20250102000011,DefaultCompany,DefaultDepartment,Default,None,None,None,DefaultCategory,None,Male,1900-01-01,1900-01-01,1900-01-01,,,,,Working,3000-01-01,,,,
20250102000012,sachin,20250102000012,Amazon,DefaultDepartment,Khizrabad,None,None,None,DefaultCategory,None,Male,1900-01-01,1900-01-01,1900-01-01,,,,,Working,3000-01-01,,,,
20250102000013,nishant,20250102000013,Amazon,DefaultDepartment,Khizrabad,None,None,None,DefaultCategory,None,Male,1900-01-01,1900-01-01,1900-01-01,,,,,Working,3000-01-01,,,,
202501020000014,rohit,202501020000014,DefaultCompany,DefaultDepartment,Default,None,None,None,DefaultCategory,None,Male,1900-01-01,1900-01-01,1900-01-01,,,,,Working,3000-01-01,,,,
20250102000016,vikash,20250102000016,Amazon,DefaultDepartment,Khizrabad,None,None,None,DefaultCategory,None,Male,1900-01-01,1900-01-01,1900-01-01,,,,,Working,3000-01-01,,,,
20250102000015,lucky,20250102000015,Amazon,DefaultDepartment,Khizrabad,None,None,None,DefaultCategory,None,Male,1900-01-01,1900-01-01,1900-01-01,,,,,Working,3000-01-01,,,,
20250102000017,akhlesh,20250102000017,Amazon,DefaultDepartment,Khizrabad,None,None,None,DefaultCategory,None,Male,1900-01-01,1900-01-01,1900-01-01,,,,,Working,3000-01-01,,,,
20250102000018,ankit,20250102000018,Amazon,DefaultDepartment,Khizrabad,None,None,None,DefaultCategory,None,Male,1900-01-01,1900-01-01,1900-01-01,,,,,Working,3000-01-01,,,,
20250101000001,Dheeraj,20250101000001,Amazon,DefaultDepartment,Saket,None,None,None,DefaultCategory,None,Male,1900-01-01,1900-01-01,1900-01-01,,biomax,,,Working,3000-01-01,,,,
20250101000002,Amit,20250101000002,Amazon,DefaultDepartment,Saket,None,None,None,DefaultCategory,None,Male,1900-01-01,1900-01-01,1900-01-01,,,,,Working,3000-01-01,,,,
20250101000003,Rohit,20250101000003,Amazon,DefaultDepartment,Saket,None,None,None,DefaultCategory,None,Male,1900-01-01,1900-01-01,1900-01-01,,,,,Working,3000-01-01,,,,
20250101000004,Rajeev,20250101000004,Amazon,DefaultDepartment,Saket,None,None,None,DefaultCategory,None,Male,1900-01-01,1900-01-01,1900-01-01,,,,,Working,3000-01-01,,,,
20250101000005,Sharvan,20250101000005,Amazon,DefaultDepartment,Saket,None,None,None,DefaultCategory,None,Male,1900-01-01,1900-01-01,1900-01-01,,,,,Working,3000-01-01,,,,
20250101000006,Aakash,20250101000006,Amazon,DefaultDepartment,Saket,None,None,None,DefaultCategory,None,Male,1900-01-01,1900-01-01,1900-01-01,,,,,Working,3000-01-01,,,,
20250101000007,suraj,20250101000007,Amazon,DefaultDepartment,Saket,None,None,None,DefaultCategory,None,Male,1900-01-01,1900-01-01,1900-01-01,,,,,Working,3000-01-01,,,,
20250101000008,shahzeb,20250101000008,Amazon,DefaultDepartment,Saket,None,None,None,DefaultCategory,None,Male,1900-01-01,1900-01-01,1900-01-01,,,,,Working,3000-01-01,,,,
20250101000009,faisal,20250101000009,Amazon,DefaultDepartment,Saket,None,None,None,DefaultCategory,None,Male,1900-01-01,1900-01-01,1900-01-01,,,,,Working,3000-01-01,,,,
20250101000010,neetu,20250101000010,Amazon,DefaultDepartment,Saket,None,None,None,DefaultCategory,None,Male,1900-01-01,1900-01-01,1900-01-01,,,,,Working,3000-01-01,,,,
20250101000011,ankita,20250101000011,Amazon,DefaultDepartment,Saket,None,None,None,DefaultCategory,None,Male,1900-01-01,1900-01-01,1900-01-01,,,,,Working,3000-01-01,,,,
20250101000012,haripal,20250101000012,Amazon,DefaultDepartment,Saket,None,None,None,DefaultCategory,None,Male,1900-01-01,1900-01-01,1900-01-01,,,,,Working,3000-01-01,,,,
20250101000013,Moht  Tarik,20250101000013,Amazon,DefaultDepartment,Saket,None,None,None,DefaultCategory,None,Male,1900-01-01,1900-01-01,1900-01-01,,,,,Working,3000-01-01,,,,
20250101000014,Sahil,20250101000014,Amazon,DefaultDepartment,Saket,None,None,None,DefaultCategory,None,Male,1900-01-01,1900-01-01,1900-01-01,,,,,Working,3000-01-01,,,,
20250101000015,Gaurav,20250101000015,Amazon,DefaultDepartment,Saket,None,None,None,DefaultCategory,None,Male,1900-01-01,1900-01-01,1900-01-01,,,,,Working,3000-01-01,,,,
20250101000016,Farukh,20250101000016,Amazon,DefaultDepartment,Saket,None,None,None,DefaultCategory,None,Male,1900-01-01,1900-01-01,1900-01-01,,,,,Working,3000-01-01,,,,
20250101000017,Farzan,202501010000017,Amazon,DefaultDepartment,Saket,None,None,None,DefaultCategory,None,Male,1900-01-01,1900-01-01,1900-01-01,,biomax,,,Working,3000-01-01,,,,
20250101000019,Amimul,2025010100001,Amazon,DefaultDepartment,Saket,None,None,None,DefaultCategory,None,Male,1900-01-01,1900-01-01,1900-01-01,,biomax,,,Working,3000-01-01,,,,
20250101000018,Hemant,202501010000,Amazon,DefaultDepartment,Saket,None,None,None,DefaultCategory,None,Male,1900-01-01,1900-01-01,1900-01-01,,biomax,,,Working,3000-01-01,,,,
20250101000020,Sankar,20250101000020,Amazon,DefaultDepartment,Saket,None,None,None,DefaultCategory,None,Male,1900-01-01,1900-01-01,1900-01-01,,,,,Working,3000-01-01,,,,
20250102000001,20250102000001,20250102000001,Amazon,DefaultDepartment,Khizrabad,None,None,None,DefaultCategory,None,Male,1900-01-01,1900-01-01,1900-01-01,,,,,Working,3000-01-01,,,,
20250105000001,Komal Singh,20250105000001,Amazon,Default,Faridabad sec-16,Associate,,,Default,,,1900-01-01,1900-01-01,1900-01-01,,,,,Working,3000-01-01,,,,
20250105000002,Anil Kumar,20250105000002,Amazon,Default,Faridabad sec-16,Associate,,,Default,,,1900-01-01,1900-01-01,1900-01-01,,,,,Working,3000-01-01,,,,
20250105000004,Mayank,20250105000004,Amazon,Default,Faridabad sec-16,Associate,,,Default,,,1900-01-01,1900-01-01,1900-01-01,,,,,Working,3000-01-01,,,,
20250105000006,Nikhil Saini,20250105000006,Amazon,Default,Faridabad sec-16,Associate,,,Default,,,1900-01-01,1900-01-01,1900-01-01,,,,,Working,3000-01-01,,,,
20250105000007,Nirbhay Kumar Sharma,20250105000007,Amazon,Default,Faridabad sec-16,Associate,,,Default,,,1900-01-01,1900-01-01,1900-01-01,,,,,Working,3000-01-01,,,,
20250105000009,Shiva,20250105000009,Amazon,Default,Faridabad sec-16,Associate,,,Default,,,1900-01-01,1900-01-01,1900-01-01,,,,,Working,3000-01-01,,,,
20250105000011,Mokesh Phagna,20250105000011,Amazon,Default,Faridabad sec-16,Associate,,,Default,,,1900-01-01,1900-01-01,1900-01-01,,,,,Working,3000-01-01,,,,
20250105000013,Ankush Singh,20250105000013,Amazon,Default,Faridabad sec-16,Associate,,,Default,,,1900-01-01,1900-01-01,1900-01-01,,,,,Working,3000-01-01,,,,
20250105000014,Deepu,20250105000014,Amazon,Default,Faridabad sec-16,Associate,,,Default,,,1900-01-01,1900-01-01,1900-01-01,,,,,Working,3000-01-01,,,,
20250105000015,Virendra Kumar,20250105000015,Amazon,Default,Faridabad sec-16,Associate,,,Default,,,1900-01-01,1900-01-01,1900-01-01,,,,,Working,3000-01-01,,,,
20250103000002,RAJA,20250103000002,Amazon,Default,Punjabi Bagh,Associate,,,Default,,,1900-01-01,1900-01-01,1900-01-01,,,,,Working,3000-01-01,,,,
20250103000003,BIMLA,20250103000003,Amazon,Default,Punjabi Bagh,Associate,,,Default,,,1900-01-01,1900-01-01,1900-01-01,,,,,Working,3000-01-01,,,,
20250103000004,VANDANA,20250103000004,Amazon,Default,Punjabi Bagh,Associate,,,Default,,,1900-01-01,1900-01-01,1900-01-01,,,,,Working,3000-01-01,,,,
20250103000005,SATISH,20250103000005,Amazon,Default,Punjabi Bagh,Associate,,,Default,,,1900-01-01,1900-01-01,1900-01-01,,,,,Working,3000-01-01,,,,
20250103000006,RANJEET,20250103000006,Amazon,Default,Punjabi Bagh,Associate,,,Default,,,1900-01-01,1900-01-01,1900-01-01,,,,,Working,3000-01-01,,,,
20250103000007,MUSKESH,20250103000007,Amazon,Default,Punjabi Bagh,Associate,,,Default,,,1900-01-01,1900-01-01,1900-01-01,,,,,Working,3000-01-01,,,,
20250103000008,WASIM,20250103000008,Amazon,Default,Punjabi Bagh,Associate,,,Default,,,1900-01-01,1900-01-01,1900-01-01,,,,,Working,3000-01-01,,,,
20250103000009,VIKAS KUMAR,20250103000009,Amazon,Default,Punjabi Bagh,Associate,,,Default,,,1900-01-01,1900-01-01,1900-01-01,,,,,Working,3000-01-01,,,,
20250103000010,MOHD MOSIN,20250103000010,Amazon,Default,Punjabi Bagh,Associate,,,Default,,,1900-01-01,1900-01-01,1900-01-01,,,,,Working,3000-01-01,,,,
20250103000011,HIMANSHU,20250103000011,Amazon,Default,Punjabi Bagh,Associate,,,Default,,,1900-01-01,1900-01-01,1900-01-01,,,,,Working,3000-01-01,,,,
20250103000012,VIKAS TRIPATHI,20250103000012,Amazon,Default,Punjabi Bagh,Associate,,,Default,,,1900-01-01,1900-01-01,1900-01-01,,,,,Working,3000-01-01,,,,
20250103000013,ANUJ,20250103000013,Amazon,Default,Punjabi Bagh,Associate,,,Default,,,1900-01-01,1900-01-01,1900-01-01,,,,,Working,3000-01-01,,,,
20250103000014,FURQUAN,20250103000014,Amazon,Default,Punjabi Bagh,Associate,,,Default,,,1900-01-01,1900-01-01,1900-01-01,,,,,Working,3000-01-01,,,,
202502010001,SONIJ Putter,202502010001,Blinkit,Default,Faridabad sec-37,Associate,,,Default,,,1900-01-01,1900-01-01,1900-01-01,,,,,Working,3000-01-01,,,,
202502010002,Vikas kanojia,202502010002,Blinkit,Default,Faridabad sec-37,Associate,,,Default,,,1900-01-01,1900-01-01,1900-01-01,,,,,Working,3000-01-01,,,,
202502010003,Ankit,202502010003,Blinkit,Default,Faridabad sec-37,Associate,,,Default,,,1900-01-01,1900-01-01,1900-01-01,,,,,Working,3000-01-01,,,,
202502010004,VIJAY,202502010004,Blinkit,Default,Faridabad sec-37,Associate,,,Default,,,1900-01-01,1900-01-01,1900-01-01,,,,,Working,3000-01-01,,,,
202502010005,Dileep Chauhan,202502010005,Blinkit,Default,Faridabad sec-37,Associate,,,Default,,,1900-01-01,1900-01-01,1900-01-01,,,,,Working,3000-01-01,,,,
202502010006,Kalamuddim,202502010006,Blinkit,Default,Faridabad sec-37,Associate,,,Default,,,1900-01-01,1900-01-01,1900-01-01,,,,,Working,3000-01-01,,,,
202502010007,Vikash putter,202502010007,Blinkit,Default,Faridabad sec-37,Associate,,,Default,,,1900-01-01,1900-01-01,1900-01-01,,,,,Working,3000-01-01,,,,
202502010008,HARDIK KULSHRESTHA,202502010008,Blinkit,Default,Faridabad sec-37,Associate,,,Default,,,1900-01-01,1900-01-01,1900-01-01,,,,,Working,3000-01-01,,,,
202502010009,PURNIMA,202502010009,Blinkit,Default,Faridabad sec-37,Associate,,,Default,,,1900-01-01,1900-01-01,1900-01-01,,,,,Working,3000-01-01,,,,
202502010010,KOMAL,202502010010,Blinkit,Default,Faridabad sec-37,Associate,,,Default,,,1900-01-01,1900-01-01,1900-01-01,,,,,Working,3000-01-01,,,,
202502010011,SONIJ Kushwaha,202502010011,Blinkit,Default,Faridabad sec-37,Associate,,,Default,,,1900-01-01,1900-01-01,1900-01-01,,,,,Working,3000-01-01,,,,
202502010012,Rinku,202502010012,Blinkit,Default,Faridabad sec-37,Associate,,,Default,,,1900-01-01,1900-01-01,1900-01-01,,,,,Working,3000-01-01,,,,
202502010013,Neeraj,202502010013,Blinkit,Default,Faridabad sec-37,Associate,,,Default,,,1900-01-01,1900-01-01,1900-01-01,,,,,Working,3000-01-01,,,,
202502010014,DHARMENDRA TRIPATHI,202502010014,Blinkit,Default,Faridabad sec-37,Associate,,,Default,,,1900-01-01,1900-01-01,1900-01-01,,,,,Working,3000-01-01,,,,
202502010015,Bittu Kumar,202502010015,Blinkit,Default,Faridabad sec-37,Associate,,,Default,,,1900-01-01,1900-01-01,1900-01-01,,,,,Working,3000-01-01,,,,
202502010016,Abhishek Sharma,202502010016,Blinkit,Default,Faridabad sec-37,Associate,,,Default,,,1900-01-01,1900-01-01,1900-01-01,,,,,Working,3000-01-01,,,,
202502010017,Poonam,202502010017,Blinkit,Default,Faridabad sec-37,Associate,,,Default,,,1900-01-01,1900-01-01,1900-01-01,,,,,Working,3000-01-01,,,,
202502010018,Riya Sharma,202502010018,Blinkit,Default,Faridabad sec-37,Associate,,,Default,,,1900-01-01,1900-01-01,1900-01-01,,,,,Working,3000-01-01,,,,
202502010019,MOHIT,202502010019,Blinkit,Default,Faridabad sec-37,Associate,,,Default,,,1900-01-01,1900-01-01,1900-01-01,,,,,Working,3000-01-01,,,,
202502010020,Mohd Chand,202502010020,Blinkit,Default,Faridabad sec-37,Associate,,,Default,,,1900-01-01,1900-01-01,1900-01-01,,,,,Working,3000-01-01,,,,
202502010021,suneel,202502010021,Blinkit,Default,Faridabad sec-37,Associate,,,Default,,,1900-01-01,1900-01-01,1900-01-01,,,,,Working,3000-01-01,,,,
202502010022,suraj,202502010022,Blinkit,Default,Faridabad sec-37,Associate,,,Default,,,1900-01-01,1900-01-01,1900-01-01,,,,,Working,3000-01-01,,,,
202502010023,Vikash Picker,202502010023,Blinkit,Default,Faridabad sec-37,Associate,,,Default,,,1900-01-01,1900-01-01,1900-01-01,,,,,Working,3000-01-01,,,,
202502010024,Ankit putter,202502010024,Blinkit,Default,Faridabad sec-37,Associate,,,Default,,,1900-01-01,1900-01-01,1900-01-01,,,,,Working,3000-01-01,,,,
202502010025,Shekhar,202502010025,Blinkit,Default,Faridabad sec-37,Associate,,,Default,,,1900-01-01,1900-01-01,1900-01-01,,,,,Working,3000-01-01,,,,
202502010026,Yash,202502010026,Blinkit,Default,Faridabad sec-37,Associate,,,Default,,,1900-01-01,1900-01-01,1900-01-01,,,,,Working,3000-01-01,,,,
202502010027,SHYAM Jl,202502010027,Blinkit,Default,Faridabad sec-37,Associate,,,Default,,,1900-01-01,1900-01-01,1900-01-01,,,,,Working,3000-01-01,,,,
202502010028,AMAN SHARMA,202502010028,Blinkit,Default,Faridabad sec-37,Associate,,,Default,,,1900-01-01,1900-01-01,1900-01-01,,,,,Working,3000-01-01,,,,
202502010029,SUJEET,202502010029,Blinkit,Default,Faridabad sec-37,Associate,,,Default,,,1900-01-01,1900-01-01,1900-01-01,,,,,Working,3000-01-01,,,,
202502010030,VIKRAM,202502010030,Blinkit,Default,Faridabad sec-37,Associate,,,Default,,,1900-01-01,1900-01-01,1900-01-01,,,,,Working,3000-01-01,,,,
202502010031,KRISHNA,202502010031,Blinkit,Default,Faridabad sec-37,Associate,,,Default,,,1900-01-01,1900-01-01,1900-01-01,,,,,Working,3000-01-01,,,,
202502010032,ANKIT,202502010032,Blinkit,Default,Faridabad sec-37,Associate,,,Default,,,1900-01-01,1900-01-01,1900-01-01,,,,,Working,3000-01-01,,,,
202502010033,NEERAJ PANDAT,202502010033,Blinkit,Default,Faridabad sec-37,Associate,,,Default,,,1900-01-01,1900-01-01,1900-01-01,,,,,Working,3000-01-01,,,,
202502010034,IMRAN ANSARI,202502010034,Blinkit,Default,Faridabad sec-37,Associate,,,Default,,,1900-01-01,1900-01-01,1900-01-01,,,,,Working,3000-01-01,,,,
202502010035,KRISHNA SHARMA,202502010035,Blinkit,Default,Faridabad sec-37,Associate,,,Default,,,1900-01-01,1900-01-01,1900-01-01,,,,,Working,3000-01-01,,,,
202502010036,manish ranjan,202502010036,Blinkit,Default,Faridabad sec-37,Associate,,,Default,,,1900-01-01,1900-01-01,1900-01-01,,,,,Working,3000-01-01,,,,
202502010037,Kishan Ray,202502010037,Blinkit,Default,Faridabad sec-37,Associate,,,Default,,,1900-01-01,1900-01-01,1900-01-01,,,,,Working,3000-01-01,,,,
202502010038,Dipanshu,202502010038,Blinkit,Default,Faridabad sec-37,Associate,,,Default,,,1900-01-01,1900-01-01,1900-01-01,,,,,Working,3000-01-01,,,,
202502010039,KRISHNA THAKUR,202502010039,Blinkit,Default,Faridabad sec-37,Associate,,,Default,,,1900-01-01,1900-01-01,1900-01-01,,,,,Working,3000-01-01,,,,
202502010040,SURAJ THAKUR,202502010040,Blinkit,Default,Faridabad sec-37,Associate,,,Default,,,1900-01-01,1900-01-01,1900-01-01,,,,,Working,3000-01-01,,,,
202502010041,DILSHAAD,202502010041,Blinkit,Default,Faridabad sec-37,Associate,,,Default,,,1900-01-01,1900-01-01,1900-01-01,,,,,Working,3000-01-01,,,,
202502010042,MOHIT BHARTI,202502010042,Blinkit,Default,Faridabad sec-37,Associate,,,Default,,,1900-01-01,1900-01-01,1900-01-01,,,,,Working,3000-01-01,,,,
202502010043,Rahul Thakur,202502010043,Blinkit,Default,Faridabad sec-37,Associate,,,Default,,,1900-01-01,1900-01-01,1900-01-01,,,,,Working,3000-01-01,,,,
202502010044,MD Anish,202502010044,Blinkit,Default,Faridabad sec-37,Associate,,,Default,,,1900-01-01,1900-01-01,1900-01-01,,,,,Working,3000-01-01,,,,
202502010045,ANAS ANSARI,202502010045,Blinkit,Default,Faridabad sec-37,Associate,,,Default,,,1900-01-01,1900-01-01,1900-01-01,,,,,Working,3000-01-01,,,,
202502010046,SRISHTI,202502010046,Blinkit,Default,Faridabad sec-37,Associate,,,Default,,,1900-01-01,1900-01-01,1900-01-01,,,,,Working,3000-01-01,,,,
202502010047,DIPANSHU VERMA,202502010047,Blinkit,Default,Faridabad sec-37,Associate,,,Default,,,1900-01-01,1900-01-01,1900-01-01,,,,,Working,3000-01-01,,,,
202502010048,VISHNU,202502010048,Blinkit,Default,Faridabad sec-37,Associate,,,Default,,,1900-01-01,1900-01-01,1900-01-01,,,,,Working,3000-01-01,,,,
202502010049,YASH CHAUHAN,202502010049,Blinkit,Default,Faridabad sec-37,Associate,,,Default,,,1900-01-01,1900-01-01,1900-01-01,,,,,Working,3000-01-01,,,,
202502010050,Krish,202502010050,Blinkit,Default,Faridabad sec-37,Associate,,,Default,,,1900-01-01,1900-01-01,1900-01-01,,,,,Working,3000-01-01,,,,
202502010051,Archana,202502010051,Blinkit,Default,Faridabad sec-37,Associate,,,Default,,,1900-01-01,1900-01-01,1900-01-01,,,,,Working,3000-01-01,,,,
202502010052,ROHIT,202502010052,Blinkit,Default,Faridabad sec-37,Associate,,,Default,,,1900-01-01,1900-01-01,1900-01-01,,,,,Working,3000-01-01,,,,
202502010053,Prem Kumar,202502010053,Blinkit,Default,Faridabad sec-37,Associate,,,Default,,,1900-01-01,1900-01-01,1900-01-01,,,,,Working,3000-01-01,,,,
202502010054,OSHAMA,202502010054,Blinkit,Default,Faridabad sec-37,Associate,,,Default,,,1900-01-01,1900-01-01,1900-01-01,,,,,Working,3000-01-01,,,,
630,Dileep TL,630,DefaultCompany,DefaultDepartment,Faridabad sec-37,None,None,None,DefaultCategory,None,Male,1900-01-01,1900-01-01,1900-01-01,,,,,Working,3000-01-01,,,,
642,Arjun Sahu,642,DefaultCompany,DefaultDepartment,Faridabad sec-37,None,None,None,DefaultCategory,None,Male,1900-01-01,1900-01-01,1900-01-01,,,,,Working,3000-01-01,,,,
612,Vikram,612,DefaultCompany,DefaultDepartment,Faridabad sec-37,None,None,None,DefaultCategory,None,Male,1900-01-01,1900-01-01,1900-01-01,,,,,Working,3000-01-01,,,,
605,Hardik,605,DefaultCompany,DefaultDepartment,Faridabad sec-37,None,None,None,DefaultCategory,None,Male,1900-01-01,1900-01-01,1900-01-01,,,,,Working,3000-01-01,,,,
607,Sujeet,607,DefaultCompany,DefaultDepartment,Faridabad sec-37,None,None,None,DefaultCategory,None,Male,1900-01-01,1900-01-01,1900-01-01,,,,,Working,3000-01-01,,,,
609,Kalamuddin,609,DefaultCompany,DefaultDepartment,Faridabad sec-37,None,None,None,DefaultCategory,None,Male,1900-01-01,1900-01-01,1900-01-01,,,,,Working,3000-01-01,,,,
613,Vikas TL,613,DefaultCompany,DefaultDepartment,Faridabad sec-37,None,None,None,DefaultCategory,None,Male,1900-01-01,1900-01-01,1900-01-01,,,,,Working,3000-01-01,,,,
614,Sonu Old,614,DefaultCompany,DefaultDepartment,Faridabad sec-37,None,None,None,DefaultCategory,None,Male,1900-01-01,1900-01-01,1900-01-01,,,,,Working,3000-01-01,,,,
601,SUNIL,601,DefaultCompany,DefaultDepartment,Faridabad sec-37,None,None,None,DefaultCategory,None,Male,1900-01-01,1900-01-01,1900-01-01,,,,,Working,3000-01-01,,,,
618,shyam ji,618,DefaultCompany,DefaultDepartment,Faridabad sec-37,None,None,None,DefaultCategory,None,Male,1900-01-01,1900-01-01,1900-01-01,,,,,Working,3000-01-01,,,,
701,purnima,701,DefaultCompany,DefaultDepartment,Faridabad sec-37,None,None,None,DefaultCategory,None,Male,1900-01-01,1900-01-01,1900-01-01,,,,,Working,3000-01-01,,,,
703,krishna,703,DefaultCompany,DefaultDepartment,Faridabad sec-37,None,None,None,DefaultCategory,None,Male,1900-01-01,1900-01-01,1900-01-01,,,,,Working,3000-01-01,,,,
202501033000002,202501033000002,202501033000002,DefaultCompany,DefaultDepartment,Punjabi Bagh,None,None,None,DefaultCategory,None,Male,1900-01-01,1900-01-01,1900-01-01,,,,,Working,3000-01-01,,,,
719,vikash,719,DefaultCompany,DefaultDepartment,Faridabad sec-37,None,None,None,DefaultCategory,None,Male,1900-01-01,1900-01-01,1900-01-01,,,,,Working,3000-01-01,,,,
602,MOHIT,602,DefaultCompany,DefaultDepartment,Faridabad sec-37,None,None,None,DefaultCategory,None,Male,1900-01-01,1900-01-01,1900-01-01,,,,,Working,3000-01-01,,,,
720,archana,720,DefaultCompany,DefaultDepartment,Faridabad sec-37,None,None,None,DefaultCategory,None,Male,1900-01-01,1900-01-01,1900-01-01,,,,,Working,3000-01-01,,,,
721,Vijay,721,DefaultCompany,DefaultDepartment,Faridabad sec-37,None,None,None,DefaultCategory,None,Male,1900-01-01,1900-01-01,1900-01-01,,,,,Working,3000-01-01,,,,
81,Dipanshu,81,DefaultCompany,DefaultDepartment,Faridabad sec-37,None,None,None,DefaultCategory,None,Male,1900-01-01,1900-01-01,1900-01-01,,,,,Working,3000-01-01,,,,
84,Anjali,84,DefaultCompany,DefaultDepartment,Faridabad sec-37,None,None,None,DefaultCategory,None,Male,1900-01-01,1900-01-01,1900-01-01,,,,,Working,3000-01-01,,,,
86,Ashok,86,DefaultCompany,DefaultDepartment,Faridabad sec-37,None,None,None,DefaultCategory,None,Male,1900-01-01,1900-01-01,1900-01-01,,,,,Working,3000-01-01,,,,
20250102000019,sandeep kumar,20250102000019,Amazon,DefaultDepartment,Khizrabad,None,None,None,DefaultCategory,None,Male,1900-01-01,1900-01-01,1900-01-01,,,,,Working,3000-01-01,,,,
88,chand,88,DefaultCompany,DefaultDepartment,Faridabad sec-37,None,None,None,DefaultCategory,None,Male,1900-01-01,1900-01-01,1900-01-01,,,,,Working,3000-01-01,,,,
89,vishnu,89,DefaultCompany,DefaultDepartment,Faridabad sec-37,None,None,None,DefaultCategory,None,Male,1900-01-01,1900-01-01,1900-01-01,,,,,Working,3000-01-01,,,,
91,rohit,91,DefaultCompany,DefaultDepartment,Faridabad sec-37,None,None,None,DefaultCategory,None,Male,1900-01-01,1900-01-01,1900-01-01,,,,,Working,3000-01-01,,,,
96,Mohit,96,DefaultCompany,DefaultDepartment,Faridabad sec-37,None,None,None,DefaultCategory,None,Male,1900-01-01,1900-01-01,1900-01-01,,,,,Working,3000-01-01,,,,
202501020000020,ahmad raza,202501020000020,DefaultCompany,DefaultDepartment,Khizrabad,None,None,None,DefaultCategory,None,Male,1900-01-01,1900-01-01,1900-01-01,,,,,Working,3000-01-01,,,,
98,imran,98,DefaultCompany,DefaultDepartment,Faridabad sec-37,None,None,None,DefaultCategory,None,Male,1900-01-01,1900-01-01,1900-01-01,,,,,Working,3000-01-01,,,,
936,yashoda,936,DefaultCompany,DefaultDepartment,Faridabad sec-37,None,None,None,DefaultCategory,None,Male,1900-01-01,1900-01-01,1900-01-01,,,,,Working,3000-01-01,,,,
16,carry,16,DefaultCompany,DefaultDepartment,Faridabad sec-16,None,None,None,DefaultCategory,None,Male,1900-01-01,1900-01-01,1900-01-01,,,,,Working,3000-01-01,,,,
17,dhruv,17,DefaultCompany,DefaultDepartment,Faridabad sec-16,None,None,None,DefaultCategory,None,Male,1900-01-01,1900-01-01,1900-01-01,,,,,Working,3000-01-01,,,,
18,shayam,18,DefaultCompany,DefaultDepartment,Faridabad sec-16,None,None,None,DefaultCategory,None,Male,1900-01-01,1900-01-01,1900-01-01,,,,,Working,3000-01-01,,,,
19,bhagat,19,DefaultCompany,DefaultDepartment,Faridabad sec-16,None,None,None,DefaultCategory,None,Male,1900-01-01,1900-01-01,1900-01-01,,,,,Working,3000-01-01,,,,
123456798,vijay,123456798,DefaultCompany,DefaultDepartment,Punjabi Bagh,None,None,None,DefaultCategory,None,Male,1900-01-01,1900-01-01,1900-01-01,,,,,Working,3000-01-01,,,,
123456789,prince,123456789,DefaultCompany,DefaultDepartment,Punjabi Bagh,None,None,None,DefaultCategory,None,Male,1900-01-01,1900-01-01,1900-01-01,,,,,Working,3000-01-01,,,,
123456987,rehan,123456987,DefaultCompany,DefaultDepartment,Punjabi Bagh,None,None,None,DefaultCategory,None,Male,1900-01-01,1900-01-01,1900-01-01,,,,,Working,3000-01-01,,,,
123459876,kamil,123459876,DefaultCompany,DefaultDepartment,Punjabi Bagh,None,None,None,DefaultCategory,None,Male,1900-01-01,1900-01-01,1900-01-01,,,,,Working,3000-01-01,,,,
20250102000021,NISHA,20250102000021,DefaultCompany,DefaultDepartment,Khizrabad,None,None,None,DefaultCategory,None,Male,1900-01-01,1900-01-01,1900-01-01,,,,,Working,3000-01-01,,,,
20250102000022,MUSKAN,20250102000022,DefaultCompany,DefaultDepartment,Khizrabad,None,None,None,DefaultCategory,None,Male,1900-01-01,1900-01-01,1900-01-01,,,,,Working,3000-01-01,,,,
21,dev,21,DefaultCompany,DefaultDepartment,Faridabad sec-16,None,None,None,DefaultCategory,None,Male,1900-01-01,1900-01-01,1900-01-01,,,,,Working,3000-01-01,,,,
22,arjun,22,DefaultCompany,DefaultDepartment,Faridabad sec-16,None,None,None,DefaultCategory,None,Male,1900-01-01,1900-01-01,1900-01-01,,,,,Working,3000-01-01,,,,
24,rakesh,24,DefaultCompany,DefaultDepartment,Faridabad sec-16,None,None,None,DefaultCategory,None,Male,1900-01-01,1900-01-01,1900-01-01,,,,,Working,3000-01-01,,,,
25,sushil,25,DefaultCompany,DefaultDepartment,Faridabad sec-16,None,None,None,DefaultCategory,None,Male,1900-01-01,1900-01-01,1900-01-01,,,,,Working,3000-01-01,,,,
20250101000021,Deepak,20250101000021,Amazon,DefaultDepartment,Saket,None,None,None,DefaultCategory,None,Male,1900-01-01,1900-01-01,1900-01-01,,,,,Working,3000-01-01,,,,
42,Naveed,42,DefaultCompany,DefaultDepartment,Faridabad sec-37,None,None,None,DefaultCategory,None,Male,1900-01-01,1900-01-01,1900-01-01,,,,,Working,3000-01-01,,,,
23,kajal,23,DefaultCompany,DefaultDepartment,Faridabad sec-16,None,None,None,DefaultCategory,None,Male,1900-01-01,1900-01-01,1900-01-01,,,,,Working,3000-01-01,,,,
26,rajkant,26,DefaultCompany,DefaultDepartment,Faridabad sec-16,None,None,None,DefaultCategory,None,Male,1900-01-01,1900-01-01,1900-01-01,,,,,Working,3000-01-01,,,,
43,priyanshu,43,DefaultCompany,DefaultDepartment,Faridabad sec-37,None,None,None,DefaultCategory,None,Male,1900-01-01,1900-01-01,1900-01-01,,,,,Working,3000-01-01,,,,
20250102000023,DINESH,20250102000023,DefaultCompany,DefaultDepartment,Khizrabad,None,None,None,DefaultCategory,None,Male,1900-01-01,1900-01-01,1900-01-01,,,,,Working,3000-01-01,,,,
2025012000024,HEMANT,2025012000024,DefaultCompany,DefaultDepartment,Khizrabad,None,None,None,DefaultCategory,None,Male,1900-01-01,1900-01-01,1900-01-01,,,,,Working,3000-01-01,,,,
20250101000022,Kamil,20250101000022,Amazon,DefaultDepartment,Saket,None,None,None,DefaultCategory,None,Male,1900-01-01,1900-01-01,1900-01-01,,,,,Working,3000-01-01,,,,
20250101000023,rahul kumar,20250101000023,Amazon,DefaultDepartment,Saket,None,None,None,DefaultCategory,None,Male,1900-01-01,1900-01-01,1900-01-01,,,,,Working,3000-01-01,,,,
27,aakash,27,DefaultCompany,DefaultDepartment,Faridabad sec-16,None,None,None,DefaultCategory,None,Male,1900-01-01,1900-01-01,1900-01-01,,,,,Working,3000-01-01,,,,
965,ronak,965,DefaultCompany,DefaultDepartment,Faridabad sec-37,None,None,None,DefaultCategory,None,Male,1900-01-01,1900-01-01,1900-01-01,,,,,Working,3000-01-01,,,,
20250105000010,Dhan singh,20250105000010,Amazon,Default,Faridabad sec-16,Associate,,,Default,,Female,1900-01-01,1900-01-01,1900-01-01,,,,,Working,3000-01-01,,,,
20250105000003,Akash,20250105000003,Amazon,Default,Faridabad sec-16,Associate,,,Default,,Male,2025-11-28,2025-12-01,2005-01-01,,,,,Working,3000-01-01,,,,
20250105000008,Neer chaudhry,20250105000008,Amazon,Default,Faridabad sec-16,,,,Default,,Female,2025-11-28,2025-12-01,2005-01-01,,,,,Working,3000-01-01,,,,
20250105000005,Kerish,20250105000005,Amazon,Default,Faridabad sec-16,,,,Default,,Female,2025-12-01,2025-12-01,2006-01-01,,,,,Working,3000-01-01,,,,
20250105000012,Shyam,20250105000012,Amazon,Default,Faridabad sec-16,Associate,,,Default,,Male,2025-12-01,2025-12-01,2004-01-01,,,,,Working,3000-01-01,,,,
75,kanchan,75,DefaultCompany,DefaultDepartment,Faridabad sec-37,None,None,None,DefaultCategory,None,Male,1900-01-01,1900-01-01,1900-01-01,,,,,Working,3000-01-01,,,,
2025010000023,vikash,2025010000023,Amazon,DefaultDepartment,Saket,None,None,None,DefaultCategory,None,Male,1900-01-01,1900-01-01,1900-01-01,,,,,Working,3000-01-01,,,,
83,ranjeet kumar,83,DefaultCompany,DefaultDepartment,Faridabad sec-37,None,None,None,DefaultCategory,None,Male,1900-01-01,1900-01-01,1900-01-01,,,,,Working,3000-01-01,,,,
964,babli,964,DefaultCompany,DefaultDepartment,Faridabad sec-37,None,None,None,DefaultCategory,None,Male,1900-01-01,1900-01-01,1900-01-01,,,,,Working,3000-01-01,,,,
917,kushi,917,DefaultCompany,DefaultDepartment,Faridabad sec-37,None,None,None,DefaultCategory,None,Male,1900-01-01,1900-01-01,1900-01-01,,,,,Working,3000-01-01,,,,
456,sonu kushwah,456,DefaultCompany,DefaultDepartment,Faridabad sec-37,None,None,None,DefaultCategory,None,Male,1900-01-01,1900-01-01,1900-01-01,,,,,Working,3000-01-01,,,,
7256850140,abshik,7256850140,DefaultCompany,DefaultDepartment,Punjabi Bagh,None,None,None,DefaultCategory,None,Male,1900-01-01,1900-01-01,1900-01-01,,,,,Working,3000-01-01,,,,
9718473135,azhar,9718473135,DefaultCompany,DefaultDepartment,Punjabi Bagh,None,None,None,DefaultCategory,None,Male,1900-01-01,1900-01-01,1900-01-01,,,,,Working,3000-01-01,,,,
169,abhishek,169,DefaultCompany,DefaultDepartment,Faridabad sec-37,None,None,None,DefaultCategory,None,Male,1900-01-01,1900-01-01,1900-01-01,,,,,Working,3000-01-01,,,,
20250100003,dheeraj,20250100003,Amazon,DefaultDepartment,Saket,None,None,None,DefaultCategory,None,Male,1900-01-01,1900-01-01,1900-01-01,,,,,Working,3000-01-01,,,,
20250100005,farzan khan,20250100005,Amazon,DefaultDepartment,Saket,None,None,None,DefaultCategory,None,Male,1900-01-01,1900-01-01,1900-01-01,,,,,Working,3000-01-01,,,,
20250100017,AMIT CHAUDHARY,20250100017,Amazon,DefaultDepartment,Saket,None,None,None,DefaultCategory,None,Male,1900-01-01,1900-01-01,1900-01-01,,,,,Working,3000-01-01,,,,
20250100009,aakash,20250100009,Amazon,DefaultDepartment,Saket,None,None,None,DefaultCategory,None,Male,1900-01-01,1900-01-01,1900-01-01,,,,,Working,3000-01-01,,,,
20250100016,rajeev,20250100016,Amazon,DefaultDepartment,Saket,None,None,None,DefaultCategory,None,Male,1900-01-01,1900-01-01,1900-01-01,,,,,Working,3000-01-01,,,,
20250100002,sharvan kumar,20250100002,Amazon,DefaultDepartment,Saket,None,None,None,DefaultCategory,None,Male,1900-01-01,1900-01-01,1900-01-01,,,,,Working,3000-01-01,,,,
20250100019,balram,20250100019,Amazon,DefaultDepartment,Saket,None,None,None,DefaultCategory,None,Male,1900-01-01,1900-01-01,1900-01-01,,,,,Working,3000-01-01,,,,
20250100013,farukh,20250100013,Amazon,DefaultDepartment,Saket,None,None,None,DefaultCategory,None,Male,1900-01-01,1900-01-01,1900-01-01,,,,,Working,3000-01-01,,,,
20250100006,SHAHZEB,20250100006,Amazon,DefaultDepartment,Saket,None,None,None,DefaultCategory,None,Male,1900-01-01,1900-01-01,1900-01-01,,,,,Working,3000-01-01,,,,
20250100010,SAHIL,20250100010,Amazon,DefaultDepartment,Saket,None,None,None,DefaultCategory,None,Male,1900-01-01,1900-01-01,1900-01-01,,,,,Working,3000-01-01,,,,
20250100012,FAISAL,20250100012,Amazon,DefaultDepartment,Saket,None,None,None,DefaultCategory,None,Male,1900-01-01,1900-01-01,1900-01-01,,,,,Working,3000-01-01,,,,
20250100004,RAJESH,20250100004,Amazon,DefaultDepartment,Saket,None,None,None,DefaultCategory,None,Male,1900-01-01,1900-01-01,1900-01-01,,,,,Working,3000-01-01,,,,
20250100018,Sankar,20250100018,Amazon,DefaultDepartment,Saket,None,None,None,DefaultCategory,None,Male,1900-01-01,1900-01-01,1900-01-01,,,,,Working,3000-01-01,,,,
20250100008,NEETU,20250100008,Amazon,DefaultDepartment,Saket,None,None,None,DefaultCategory,None,Male,1900-01-01,1900-01-01,1900-01-01,,,,,Working,3000-01-01,,,,
20250100007,ARMAN,20250100007,Amazon,DefaultDepartment,Saket,None,None,None,DefaultCategory,None,Male,1900-01-01,1900-01-01,1900-01-01,,,,,Working,3000-01-01,,,,
20250100014,haripal,20250100014,Amazon,DefaultDepartment,Saket,None,None,None,DefaultCategory,None,Male,1900-01-01,1900-01-01,1900-01-01,,,,,Working,3000-01-01,,,,
20250100015,AMIT RAJ,20250100015,Amazon,DefaultDepartment,Saket,None,None,None,DefaultCategory,None,Male,1900-01-01,1900-01-01,1900-01-01,,,,,Working,3000-01-01,,,,
20250100011,gaurav,20250100011,Amazon,DefaultDepartment,Saket,None,None,None,DefaultCategory,None,Male,1900-01-01,1900-01-01,1900-01-01,,,,,Working,3000-01-01,,,,
20250100021,simran,20250100021,Amazon,DefaultDepartment,Saket,None,None,None,DefaultCategory,None,Male,1900-01-01,1900-01-01,1900-01-01,,,,,Working,3000-01-01,,,,
20250100020,arshan khan,20250100020,Amazon,DefaultDepartment,Saket,None,None,None,DefaultCategory,None,Male,1900-01-01,1900-01-01,1900-01-01,,,,,Working,3000-01-01,,,,
20250100023,pawan,20250100023,Amazon,DefaultDepartment,Saket,None,None,None,DefaultCategory,None,Male,1900-01-01,1900-01-01,1900-01-01,,,,,Working,3000-01-01,,,,
20250100024,piyush,20250100024,Amazon,DefaultDepartment,Saket,None,None,None,DefaultCategory,None,Male,1900-01-01,1900-01-01,1900-01-01,,,,,Working,3000-01-01,,,,
20250100027,MAHAK,20250100027,Amazon,DefaultDepartment,Saket,None,None,None,DefaultCategory,None,Male,1900-01-01,1900-01-01,1900-01-01,,,,,Working,3000-01-01,,,,
25281,sonu,25281,DefaultCompany,DefaultDepartment,Punjabi Bagh,None,None,None,DefaultCategory,None,Male,1900-01-01,1900-01-01,1900-01-01,,,,,Working,3000-01-01,,,,
263158,zaid,263158,DefaultCompany,DefaultDepartment,Punjabi Bagh,None,None,None,DefaultCategory,None,Male,1900-01-01,1900-01-01,1900-01-01,,,,,Working,3000-01-01,,,,
27/5287,devender,27/5287,DefaultCompany,DefaultDepartment,Punjabi Bagh,None,None,None,DefaultCategory,None,Male,1900-01-01,1900-01-01,1900-01-01,,,,,Working,3000-01-01,,,,
285369,muzahid,285369,DefaultCompany,DefaultDepartment,Punjabi Bagh,None,None,None,DefaultCategory,None,Male,1900-01-01,1900-01-01,1900-01-01,,,,,Working,3000-01-01,,,,
293,sachin,293,DefaultCompany,DefaultDepartment,Punjabi Bagh,None,None,None,DefaultCategory,None,Male,1900-01-01,1900-01-01,1900-01-01,,,,,Working,3000-01-01,,,,
30,arun,30,DefaultCompany,DefaultDepartment,Punjabi Bagh,None,None,None,DefaultCategory,None,Male,1900-01-01,1900-01-01,1900-01-01,,,,,Working,3000-01-01,,,,
31,sourabh,31,DefaultCompany,DefaultDepartment,Punjabi Bagh,None,None,None,DefaultCategory,None,Male,1900-01-01,1900-01-01,1900-01-01,,,,,Working,3000-01-01,,,,
32,sourabh,32,DefaultCompany,DefaultDepartment,Punjabi Bagh,None,None,None,DefaultCategory,None,Male,1900-01-01,1900-01-01,1900-01-01,,,,,Working,3000-01-01,,,,
33,ansh,33,DefaultCompany,DefaultDepartment,Punjabi Bagh,None,None,None,DefaultCategory,None,Male,1900-01-01,1900-01-01,1900-01-01,,,,,Working,3000-01-01,,,,
34,irfhan,34,DefaultCompany,DefaultDepartment,Punjabi Bagh,None,None,None,DefaultCategory,None,Male,1900-01-01,1900-01-01,1900-01-01,,,,,Working,3000-01-01,,,,
35,dipesh,35,DefaultCompany,DefaultDepartment,Punjabi Bagh,None,None,None,DefaultCategory,None,Male,1900-01-01,1900-01-01,1900-01-01,,,,,Working,3000-01-01,,,,
36,kuldeep,36,DefaultCompany,DefaultDepartment,Punjabi Bagh,None,None,None,DefaultCategory,None,Male,1900-01-01,1900-01-01,1900-01-01,,,,,Working,3000-01-01,,,,
37,shivangi,37,DefaultCompany,DefaultDepartment,Punjabi Bagh,None,None,None,DefaultCategory,None,Male,1900-01-01,1900-01-01,1900-01-01,,,,,Working,3000-01-01,,,,
20250102000025,20250102000025,20250102000025,DefaultCompany,DefaultDepartment,Khizrabad,None,None,None,DefaultCategory,None,Male,1900-01-01,1900-01-01,1900-01-01,,,,,Working,3000-01-01,,,,
20250102000026,ADITYA,20250102000026,DefaultCompany,DefaultDepartment,Khizrabad,None,None,None,DefaultCategory,None,Male,1900-01-01,1900-01-01,1900-01-01,,,,,Working,3000-01-01,,,,
20250102000027,Shidhant,20250102000027,DefaultCompany,DefaultDepartment,Khizrabad,None,None,None,DefaultCategory,None,Male,1900-01-01,1900-01-01,1900-01-01,,,,,Working,3000-01-01,,,,
20250102000028,ABBAS,20250102000028,DefaultCompany,DefaultDepartment,Khizrabad,None,None,None,DefaultCategory,None,Male,1900-01-01,1900-01-01,1900-01-01,,,,,Working,3000-01-01,,,,
20250102000029,ANKIT,20250102000029,DefaultCompany,DefaultDepartment,Khizrabad,None,None,None,DefaultCategory,None,Male,1900-01-01,1900-01-01,1900-01-01,,,,,Working,3000-01-01,,,,
20250102000030,INDERJEET,20250102000030,DefaultCompany,DefaultDepartment,Khizrabad,None,None,None,DefaultCategory,None,Male,1900-01-01,1900-01-01,1900-01-01,,,,,Working,3000-01-01,,,,
1,anup,1,DefaultCompany,DefaultDepartment,Default,None,None,None,DefaultCategory,None,Male,1900-01-01,1900-01-01,1900-01-01,,,,,Working,3000-01-01,,,,
28,puran,28,DefaultCompany,DefaultDepartment,Default,None,None,None,DefaultCategory,None,Male,1900-01-01,1900-01-01,1900-01-01,,,,,Working,3000-01-01,,,,
29,ayush,29,DefaultCompany,DefaultDepartment,Default,None,None,None,DefaultCategory,None,Male,1900-01-01,1900-01-01,1900-01-01,,,,,Working,3000-01-01,,,,
425,neha,425,DefaultCompany,DefaultDepartment,Faridabad sec-37,None,None,None,DefaultCategory,None,Male,1900-01-01,1900-01-01,1900-01-01,,,,,Working,3000-01-01,,,,
3565,aman,3565,DefaultCompany,DefaultDepartment,Faridabad sec-37,None,None,None,DefaultCategory,None,Male,1900-01-01,1900-01-01,1900-01-01,,,,,Working,3000-01-01,,,,
458,pooja,458,DefaultCompany,DefaultDepartment,Faridabad sec-37,None,None,None,DefaultCategory,None,Male,1900-01-01,1900-01-01,1900-01-01,,,,,Working,3000-01-01,,,,
396,kajal,396,DefaultCompany,DefaultDepartment,Faridabad sec-37,None,None,None,DefaultCategory,None,Male,1900-01-01,1900-01-01,1900-01-01,,,,,Working,3000-01-01,,,,
4196,heamant,4196,DefaultCompany,DefaultDepartment,Faridabad sec-37,None,None,None,DefaultCategory,None,Male,1900-01-01,1900-01-01,1900-01-01,,,,,Working,3000-01-01,,,,
4565,ajay,4565,DefaultCompany,DefaultDepartment,Faridabad sec-37,None,None,None,DefaultCategory,None,Male,1900-01-01,1900-01-01,1900-01-01,,,,,Working,3000-01-01,,,,
48,jyoti,48,DefaultCompany,DefaultDepartment,Faridabad sec-37,None,None,None,DefaultCategory,None,Male,1900-01-01,1900-01-01,1900-01-01,,,,,Working,3000-01-01,,,,
52,vikas,52,DefaultCompany,DefaultDepartment,Faridabad sec-37,None,None,None,DefaultCategory,None,Male,1900-01-01,1900-01-01,1900-01-01,,,,,Working,3000-01-01,,,,
55,madhukar,55,DefaultCompany,DefaultDepartment,Faridabad sec-37,None,None,None,DefaultCategory,None,Male,1900-01-01,1900-01-01,1900-01-01,,,,,Working,3000-01-01,,,,
94,94,94,DefaultCompany,DefaultDepartment,Faridabad sec-37,None,None,None,DefaultCategory,None,Male,1900-01-01,1900-01-01,1900-01-01,,,,,Working,3000-01-01,,,,
56,anshika,56,DefaultCompany,DefaultDepartment,Faridabad sec-37,None,None,None,DefaultCategory,None,Male,1900-01-01,1900-01-01,1900-01-01,,,,,Working,3000-01-01,,,,
58,gireesh,58,DefaultCompany,DefaultDepartment,Faridabad sec-37,None,None,None,DefaultCategory,None,Male,1900-01-01,1900-01-01,1900-01-01,,,,,Working,3000-01-01,,,,
61,shivam,61,DefaultCompany,DefaultDepartment,Faridabad sec-37,None,None,None,DefaultCategory,None,Male,1900-01-01,1900-01-01,1900-01-01,,,,,Working,3000-01-01,,,,
62,abhinav,62,DefaultCompany,DefaultDepartment,Faridabad sec-37,None,None,None,DefaultCategory,None,Male,1900-01-01,1900-01-01,1900-01-01,,,,,Working,3000-01-01,,,,
65,shivkumar,65,DefaultCompany,DefaultDepartment,Faridabad sec-37,None,None,None,DefaultCategory,None,Male,1900-01-01,1900-01-01,1900-01-01,,,,,Working,3000-01-01,,,,
67,mani,67,DefaultCompany,DefaultDepartment,Faridabad sec-37,None,None,None,DefaultCategory,None,Male,1900-01-01,1900-01-01,1900-01-01,,,,,Working,3000-01-01,,,,
72,piyush,72,DefaultCompany,DefaultDepartment,Faridabad sec-37,None,None,None,DefaultCategory,None,Male,1900-01-01,1900-01-01,1900-01-01,,,,,Working,3000-01-01,,,,
789,abhishek,789,DefaultCompany,DefaultDepartment,Faridabad sec-37,None,None,None,DefaultCategory,None,Male,1900-01-01,1900-01-01,1900-01-01,,,,,Working,3000-01-01,,,,
77,babita,77,DefaultCompany,DefaultDepartment,Faridabad sec-37,None,None,None,DefaultCategory,None,Male,1900-01-01,1900-01-01,1900-01-01,,,,,Working,3000-01-01,,,,
82,arti,82,DefaultCompany,DefaultDepartment,Faridabad sec-37,None,None,None,DefaultCategory,None,Male,1900-01-01,1900-01-01,1900-01-01,,,,,Working,3000-01-01,,,,
20256,20256,20256,DefaultCompany,DefaultDepartment,Default,None,None,None,DefaultCategory,None,Male,1900-01-01,1900-01-01,1900-01-01,,,,,Working,3000-01-01,,,,
202626,202626,202626,DefaultCompany,DefaultDepartment,Default,None,None,None,DefaultCategory,None,Male,1900-01-01,1900-01-01,1900-01-01,,,,,Working,3000-01-01,,,,
202627,202627,202627,DefaultCompany,DefaultDepartment,Default,None,None,None,DefaultCategory,None,Male,1900-01-01,1900-01-01,1900-01-01,,,,,Working,3000-01-01,,,,
202521,202521,202521,DefaultCompany,DefaultDepartment,Default,None,None,None,DefaultCategory,None,Male,1900-01-01,1900-01-01,1900-01-01,,,,,Working,3000-01-01,,,,
202019,202019,202019,DefaultCompany,DefaultDepartment,Default,None,None,None,DefaultCategory,None,Male,1900-01-01,1900-01-01,1900-01-01,,,,,Working,3000-01-01,,,,
202519,202519,202519,DefaultCompany,DefaultDepartment,Default,None,None,None,DefaultCategory,None,Male,1900-01-01,1900-01-01,1900-01-01,,,,,Working,3000-01-01,,,,
202525,202525,202525,DefaultCompany,DefaultDepartment,Default,None,None,None,DefaultCategory,None,Male,1900-01-01,1900-01-01,1900-01-01,,,,,Working,3000-01-01,,,,
202516,202516,202516,DefaultCompany,DefaultDepartment,Default,None,None,None,DefaultCategory,None,Male,1900-01-01,1900-01-01,1900-01-01,,,,,Working,3000-01-01,,,,
202520,202520,202520,DefaultCompany,DefaultDepartment,Default,None,None,None,DefaultCategory,None,Male,1900-01-01,1900-01-01,1900-01-01,,,,,Working,3000-01-01,,,,
202518,202518,202518,DefaultCompany,DefaultDepartment,Default,None,None,None,DefaultCategory,None,Male,1900-01-01,1900-01-01,1900-01-01,,,,,Working,3000-01-01,,,,
202511,202511,202511,DefaultCompany,DefaultDepartment,Default,None,None,None,DefaultCategory,None,Male,1900-01-01,1900-01-01,1900-01-01,,,,,Working,3000-01-01,,,,
202522,202522,202522,DefaultCompany,DefaultDepartment,Default,None,None,None,DefaultCategory,None,Male,1900-01-01,1900-01-01,1900-01-01,,,,,Working,3000-01-01,,,,
202510,202510,202510,DefaultCompany,DefaultDepartment,Default,None,None,None,DefaultCategory,None,Male,1900-01-01,1900-01-01,1900-01-01,,,,,Working,3000-01-01,,,,
202515,202515,202515,DefaultCompany,DefaultDepartment,Default,None,None,None,DefaultCategory,None,Male,1900-01-01,1900-01-01,1900-01-01,,,,,Working,3000-01-01,,,,
202513,202513,202513,DefaultCompany,DefaultDepartment,Default,None,None,None,DefaultCategory,None,Male,1900-01-01,1900-01-01,1900-01-01,,,,,Working,3000-01-01,,,,
20255,20255,20255,DefaultCompany,DefaultDepartment,Default,None,None,None,DefaultCategory,None,Male,1900-01-01,1900-01-01,1900-01-01,,,,,Working,3000-01-01,,,,
202628,Ashish,202628,DefaultCompany,DefaultDepartment,Default,None,None,None,DefaultCategory,None,Male,1900-01-01,1900-01-01,1900-01-01,,,,,Working,3000-01-01,,,,
202629,Anand Gupta,202629,DefaultCompany,DefaultDepartment,Default,None,None,None,DefaultCategory,None,Male,1900-01-01,1900-01-01,1900-01-01,,,,,Working,3000-01-01,,,,
202630,Faizan,202630,DefaultCompany,DefaultDepartment,Default,None,None,None,DefaultCategory,None,Male,1900-01-01,1900-01-01,1900-01-01,,,,,Working,3000-01-01,,,,
20259,20259,20259,DefaultCompany,DefaultDepartment,Default,None,None,None,DefaultCategory,None,Male,1900-01-01,1900-01-01,1900-01-01,,,,,Working,3000-01-01,,,,
202517,202517,202517,DefaultCompany,DefaultDepartment,Default,None,None,None,DefaultCategory,None,Male,1900-01-01,1900-01-01,1900-01-01,,,,,Working,3000-01-01,,,,
202523,202523,202523,DefaultCompany,DefaultDepartment,Default,None,None,None,DefaultCategory,None,Male,1900-01-01,1900-01-01,1900-01-01,,,,,Working,3000-01-01,,,,
25053,25053,25053,DefaultCompany,DefaultDepartment,Default,None,None,None,DefaultCategory,None,Male,1900-01-01,1900-01-01,1900-01-01,,,,,Working,3000-01-01,,,,
20254,20254,20254,DefaultCompany,DefaultDepartment,Default,None,None,None,DefaultCategory,None,Male,1900-01-01,1900-01-01,1900-01-01,,,,,Working,3000-01-01,,,,
202631,Sachin,202631,DefaultCompany,DefaultDepartment,Default,None,None,None,DefaultCategory,None,Male,1900-01-01,1900-01-01,1900-01-01,,,,,Working,3000-01-01,,,,
202632,Alok,202632,DefaultCompany,DefaultDepartment,Default,None,None,None,DefaultCategory,None,Male,1900-01-01,1900-01-01,1900-01-01,,,,,Working,3000-01-01,,,,
202633,abhishek,202633,DefaultCompany,DefaultDepartment,Default,None,None,None,DefaultCategory,None,Male,1900-01-01,1900-01-01,1900-01-01,,,,,Working,3000-01-01,,,,
202634,GARV,202634,DefaultCompany,DefaultDepartment,Default,None,None,None,DefaultCategory,None,Male,1900-01-01,1900-01-01,1900-01-01,,,,,Working,3000-01-01,,,,
202635,Rajan,202635,DefaultCompany,DefaultDepartment,Default,None,None,None,DefaultCategory,None,Male,1900-01-01,1900-01-01,1900-01-01,,,,,Working,3000-01-01,,,,
202524,202524,202524,DefaultCompany,DefaultDepartment,Default,None,None,None,DefaultCategory,None,Male,1900-01-01,1900-01-01,1900-01-01,,,,,Working,3000-01-01,,,,
202636,Yogesh,202636,DefaultCompany,DefaultDepartment,Default,None,None,None,DefaultCategory,None,Male,1900-01-01,1900-01-01,1900-01-01,,,,,Working,3000-01-01,,,,
202637,Ravi,202637,DefaultCompany,DefaultDepartment,Default,None,None,None,DefaultCategory,None,Male,1900-01-01,1900-01-01,1900-01-01,,,,,Working,3000-01-01,,,,
202638,Harsh,202638,DefaultCompany,DefaultDepartment,Default,None,None,None,DefaultCategory,None,Male,1900-01-01,1900-01-01,1900-01-01,,,,,Working,3000-01-01,,,,
202639,Rahul Yadav,202639,DefaultCompany,DefaultDepartment,Default,None,None,None,DefaultCategory,None,Male,1900-01-01,1900-01-01,1900-01-01,,,,,Working,3000-01-01,,,,
202640,md azad,202640,DefaultCompany,DefaultDepartment,Default,None,None,None,DefaultCategory,None,Male,1900-01-01,1900-01-01,1900-01-01,,,,,Working,3000-01-01,,,,
20251,20251,20251,DefaultCompany,DefaultDepartment,Default,None,None,None,DefaultCategory,None,Male,1900-01-01,1900-01-01,1900-01-01,,,,,Working,3000-01-01,,,,
20252,20252,20252,DefaultCompany,DefaultDepartment,Default,None,None,None,DefaultCategory,None,Male,1900-01-01,1900-01-01,1900-01-01,,,,,Working,3000-01-01,,,,
20257,20257,20257,DefaultCompany,DefaultDepartment,Default,None,None,None,DefaultCategory,None,Male,1900-01-01,1900-01-01,1900-01-01,,,,,Working,3000-01-01,,,,
202514,202514,202514,DefaultCompany,DefaultDepartment,Default,None,None,None,DefaultCategory,None,Male,1900-01-01,1900-01-01,1900-01-01,,,,,Working,3000-01-01,,,,
202642,rahul saraf,202642,DefaultCompany,DefaultDepartment,Default,None,None,None,DefaultCategory,None,Male,1900-01-01,1900-01-01,1900-01-01,,,,,Working,3000-01-01,,,,
202643,jeetu,202643,DefaultCompany,DefaultDepartment,Default,None,None,None,DefaultCategory,None,Male,1900-01-01,1900-01-01,1900-01-01,,,,,Working,3000-01-01,,,,
202644,GANESH,202644,DefaultCompany,DefaultDepartment,Default,None,None,None,DefaultCategory,None,Male,1900-01-01,1900-01-01,1900-01-01,,,,,Working,3000-01-01,,,,
202649,sourabh,202649,DefaultCompany,DefaultDepartment,Default,None,None,None,DefaultCategory,None,Male,1900-01-01,1900-01-01,1900-01-01,,,,,Working,3000-01-01,,,,
202650,manjeet,202650,DefaultCompany,DefaultDepartment,Default,None,None,None,DefaultCategory,None,Male,1900-01-01,1900-01-01,1900-01-01,,,,,Working,3000-01-01,,,,
202646,aabid,202646,DefaultCompany,DefaultDepartment,Default,None,None,None,DefaultCategory,None,Male,1900-01-01,1900-01-01,1900-01-01,,,,,Working,3000-01-01,,,,
202647,samar,202647,DefaultCompany,DefaultDepartment,Default,None,None,None,DefaultCategory,None,Male,1900-01-01,1900-01-01,1900-01-01,,,,,Working,3000-01-01,,,,
202645,kapil,202645,DefaultCompany,DefaultDepartment,Default,None,None,None,DefaultCategory,None,Male,1900-01-01,1900-01-01,1900-01-01,,,,,Working,3000-01-01,,,,
202648,ismail azad,202648,DefaultCompany,DefaultDepartment,Default,None,None,None,DefaultCategory,None,Male,1900-01-01,1900-01-01,1900-01-01,,,,,Working,3000-01-01,,,,
202651,priya,202651,DefaultCompany,DefaultDepartment,Default,None,None,None,DefaultCategory,None,Male,1900-01-01,1900-01-01,1900-01-01,,,,,Working,3000-01-01,,,,
202652,deepu,202652,DefaultCompany,DefaultDepartment,Default,None,None,None,DefaultCategory,None,Male,1900-01-01,1900-01-01,1900-01-01,,,,,Working,3000-01-01,,,,
202653,NAMAN,202653,DefaultCompany,DefaultDepartment,Default,None,None,None,DefaultCategory,None,Male,1900-01-01,1900-01-01,1900-01-01,,,,,Working,3000-01-01,,,,
380,devendra,380,DefaultCompany,DefaultDepartment,Punjabi Bagh,None,None,None,DefaultCategory,None,Male,1900-01-01,1900-01-01,1900-01-01,,,,,Working,3000-01-01,,,,
4,shailender,4,DefaultCompany,DefaultDepartment,Faridabad sec-16,None,None,None,DefaultCategory,None,Male,1900-01-01,1900-01-01,1900-01-01,,,,,Working,3000-01-01,,,,
12,krishna,12,DefaultCompany,DefaultDepartment,Faridabad sec-16,None,None,None,DefaultCategory,None,Male,1900-01-01,1900-01-01,1900-01-01,,,,,Working,3000-01-01,,,,
20,isha,20,DefaultCompany,DefaultDepartment,Faridabad sec-16,None,None,None,DefaultCategory,None,Male,1900-01-01,1900-01-01,1900-01-01,,,,,Working,3000-01-01,,,,
9999,mastar,9999,DefaultCompany,DefaultDepartment,Default,None,None,None,DefaultCategory,None,Male,1900-01-01,1900-01-01,1900-01-01,,,,,Working,3000-01-01,,,,
2,nancy,2,DefaultCompany,DefaultDepartment,Default,None,None,None,DefaultCategory,None,Male,1900-01-01,1900-01-01,1900-01-01,,,,,Working,3000-01-01,,,,
3,altmash,3,DefaultCompany,DefaultDepartment,Default,None,None,None,DefaultCategory,None,Male,1900-01-01,1900-01-01,1900-01-01,,,,,Working,3000-01-01,,,,
5,nisha,5,DefaultCompany,DefaultDepartment,Default,None,None,None,DefaultCategory,None,Male,1900-01-01,1900-01-01,1900-01-01,,,,,Working,3000-01-01,,,,
6,anchal,6,DefaultCompany,DefaultDepartment,Default,None,None,None,DefaultCategory,None,Male,1900-01-01,1900-01-01,1900-01-01,,,,,Working,3000-01-01,,,,
7,deepak,7,DefaultCompany,DefaultDepartment,Default,None,None,None,DefaultCategory,None,Male,1900-01-01,1900-01-01,1900-01-01,,,,,Working,3000-01-01,,,,
8,sachin,8,DefaultCompany,DefaultDepartment,Default,None,None,None,DefaultCategory,None,Male,1900-01-01,1900-01-01,1900-01-01,,,,,Working,3000-01-01,,,,
9,arjun,9,DefaultCompany,DefaultDepartment,Default,None,None,None,DefaultCategory,None,Male,1900-01-01,1900-01-01,1900-01-01,,,,,Working,3000-01-01,,,,
10,pankaj,10,DefaultCompany,DefaultDepartment,Default,None,None,None,DefaultCategory,None,Male,1900-01-01,1900-01-01,1900-01-01,,,,,Working,3000-01-01,,,,
11,dev,11,DefaultCompany,DefaultDepartment,Default,None,None,None,DefaultCategory,None,Male,1900-01-01,1900-01-01,1900-01-01,,,,,Working,3000-01-01,,,,
13,aryan,13,DefaultCompany,DefaultDepartment,Default,None,None,None,DefaultCategory,None,Male,1900-01-01,1900-01-01,1900-01-01,,,,,Working,3000-01-01,,,,
14,himanshu,14,DefaultCompany,DefaultDepartment,Default,None,None,None,DefaultCategory,None,Male,1900-01-01,1900-01-01,1900-01-01,,,,,Working,3000-01-01,,,,
15,sakshi,15,DefaultCompany,DefaultDepartment,Default,None,None,None,DefaultCategory,None,Male,1900-01-01,1900-01-01,1900-01-01,,,,,Working,3000-01-01,,,,
20250104000002,20250104000002,20250104000002,DefaultCompany,DefaultDepartment,Burari,None,None,None,DefaultCategory,None,Male,1900-01-01,1900-01-01,1900-01-01,,,,,Working,3000-01-01,,,,
2025010451,Aditya,2025010451,Amazon,Default,Burari,PA,,,Default,,,1900-01-01,1900-01-01,1900-01-01,,,,,Working,3000-01-01,,,,
2025010452,Gaurav,2025010452,Amazon,Default,Burari,QA,,,Default,,,1900-01-01,1900-01-01,1900-01-01,,,,,Working,3000-01-01,,,,
2025010453,Himanshu,2025010453,Amazon,Default,Burari,SI,,,Default,,,1900-01-01,1900-01-01,1900-01-01,,,,,Working,3000-01-01,,,,
2025010454,Ankit,2025010454,Amazon,Default,Burari,SI,,,Default,,,1900-01-01,1900-01-01,1900-01-01,,,,,Working,3000-01-01,,,,
2025010455,Garv,2025010455,Amazon,Default,Burari,SI,,,Default,,,1900-01-01,1900-01-01,1900-01-01,,,,,Working,3000-01-01,,,,
2025010418,kamini,2025010418,Amazon,Default,Burari,Associate,,,Default,,,1900-01-01,1900-01-01,1900-01-01,,,,,Working,3000-01-01,,,,
2025010425,Rani,2025010425,Amazon,Default,Burari,Associate,,,Default,,,1900-01-01,1900-01-01,1900-01-01,,,,,Working,3000-01-01,,,,
2025010423,Pragati,2025010423,Amazon,Default,Burari,Associate,,,Default,,,1900-01-01,1900-01-01,1900-01-01,,,,,Working,3000-01-01,,,,
2025010434,Uday,2025010434,Amazon,Default,Burari,Associate,,,Default,,,1900-01-01,1900-01-01,1900-01-01,,,,,Working,3000-01-01,,,,
2025010430,Ashish,2025010430,Amazon,Default,Burari,Associate,,,Default,,,1900-01-01,1900-01-01,1900-01-01,,,,,Working,3000-01-01,,,,
2025010438,Deepanshu,2025010438,Amazon,Default,Burari,Associate,,,Default,,,1900-01-01,1900-01-01,1900-01-01,,,,,Working,3000-01-01,,,,
2025010439,Manthan,2025010439,Amazon,Default,Burari,Associate,,,Default,,,1900-01-01,1900-01-01,1900-01-01,,,,,Working,3000-01-01,,,,
2025010402,Aamil,2025010402,Amazon,Default,Burari,Associate,,,Default,,,1900-01-01,1900-01-01,1900-01-01,,,,,Working,3000-01-01,,,,
2025010420,Vaibhav Shukla,2025010420,Amazon,Default,Burari,Associate,,,Default,,,1900-01-01,1900-01-01,1900-01-01,,,,,Working,3000-01-01,,,,
2025010413,Raja Kumar,2025010413,Amazon,Default,Burari,Associate,,,Default,,,1900-01-01,1900-01-01,1900-01-01,,,,,Working,3000-01-01,,,,
2025010441,Badal Chaudhary,2025010441,Amazon,Default,Burari,Associate,,,Default,,,1900-01-01,1900-01-01,1900-01-01,,,,,Working,3000-01-01,,,,
2025010411,Rohit Kashyap,2025010411,Amazon,Default,Burari,Associate,,,Default,,,1900-01-01,1900-01-01,1900-01-01,,,,,Working,3000-01-01,,,,
2025010435,Shivam,2025010435,Amazon,Default,Burari,Associate,,,Default,,,1900-01-01,1900-01-01,1900-01-01,,,,,Working,3000-01-01,,,,
2025010440,Sunny,2025010440,Amazon,Default,Burari,Associate,,,Default,,,1900-01-01,1900-01-01,1900-01-01,,,,,Working,3000-01-01,,,,
2025010437,Yash,2025010437,Amazon,Default,Burari,Associate,,,Default,,,1900-01-01,1900-01-01,1900-01-01,,,,,Working,3000-01-01,,,,
2025010442,MOHIT,2025010442,Amazon,Default,Burari,Associate,,,Default,,,1900-01-01,1900-01-01,1900-01-01,,,,,Working,3000-01-01,,,,
202655,202655,202655,DefaultCompany,DefaultDepartment,tirlokpuri,None,None,None,DefaultCategory,None,Male,1900-01-01,1900-01-01,1900-01-01,,,,,Working,3000-01-01,,,,
202656,202656,202656,DefaultCompany,DefaultDepartment,tirlokpuri,None,None,None,DefaultCategory,None,Male,1900-01-01,1900-01-01,1900-01-01,,,,,Working,3000-01-01,,,,
25010851,raj karan,25010851,Amazon,Default,Malviya nagar,SM,,,Default,,,1900-01-01,1900-01-01,1900-01-01,,,,,Working,3000-01-01,,,,
25010852,anash,25010852,Amazon,Default,Malviya nagar,PA,,,Default,,Female,1900-01-01,1900-01-01,1900-01-01,,,,,Working,3000-01-01,,,,
25010853,reetu mishra,25010853,Amazon,Default,Malviya nagar,QA,,,Default,,Female,1900-01-01,1900-01-01,1900-01-01,,,,,Working,3000-01-01,,,,
25010854,abhishek rai,25010854,Amazon,Default,Malviya nagar,Associate,,,Default,,Female,1900-01-01,1900-01-01,1900-01-01,,,,,Working,3000-01-01,,,,
25010855,alex soreng,25010855,Amazon,Default,Malviya nagar,SI,,,Default,,Female,1900-01-01,1900-01-01,1900-01-01,,,,,Working,3000-01-01,,,,
25010856,ayush,25010856,Amazon,Default,Malviya nagar,SI,,,Default,,Male,1900-01-01,1900-01-01,1900-01-01,,,,,Working,3000-01-01,,,,
25010801,shankar,25010801,Amazon,Default,Malviya nagar,Associate,,,Default,,Female,1900-01-01,1900-01-01,1900-01-01,,,,,Working,3000-01-01,,,,
25010802,mukesh tomkyal,25010802,Amazon,Default,Malviya nagar,Associate,,,Default,,Female,1900-01-01,1900-01-01,1900-01-01,,,,,Working,3000-01-01,,,,
25010803,sachin kumar,25010803,Amazon,Default,Malviya nagar,Associate,,,Default,,Female,1900-01-01,1900-01-01,1900-01-01,,,,,Working,3000-01-01,,,,
25010804,prashant toppo,25010804,Amazon,Default,Malviya nagar,Associate,,,Default,,Male,1900-01-01,1900-01-01,1900-01-01,,,,,Working,3000-01-01,,,,
25010805,yogesh kumar,25010805,Amazon,Default,Malviya nagar,Associate,,,Default,,Female,1900-01-01,1900-01-01,1900-01-01,,,,,Working,3000-01-01,,,,
25010806,mubarak khan,25010806,Amazon,Default,Malviya nagar,Associate,,,Default,,Female,1900-01-01,1900-01-01,1900-01-01,,,,,Working,3000-01-01,,,,
25010807,aditya maurya,25010807,Amazon,Default,Malviya nagar,Associate,,,Default,,Female,1900-01-01,1900-01-01,1900-01-01,,,,,Working,3000-01-01,,,,
25010808,priyanshu kumar,25010808,Amazon,Default,Malviya nagar,Associate,,,Default,,Female,1900-01-01,1900-01-01,1900-01-01,,,,,Working,3000-01-01,,,,
25010809,saniya,25010809,Amazon,Default,Malviya nagar,Associate,,,Default,,Female,1900-01-01,1900-01-01,1900-01-01,,,,,Working,3000-01-01,,,,
25010810,amardeep,25010810,Amazon,Default,Malviya nagar,Associate,,,Default,,Female,1900-01-01,1900-01-01,1900-01-01,,,,,Working,3000-01-01,,,,
25010811,vidhyanand kumar,25010811,Amazon,Default,Malviya nagar,Associate,,,Default,,Female,1900-01-01,1900-01-01,1900-01-01,,,,,Working,3000-01-01,,,,
25010857,Aadil khan,25010857,Amazon,Default,Malviya nagar,Associate,,,Default,,,1900-01-01,1900-01-01,1900-01-01,,,,,Working,3000-01-01,,,,
25010812,Shivani Rajput,25010812,Amazon,Default,Malviya nagar,Associate,,,Default,,,1900-01-01,1900-01-01,1900-01-01,,,,,Working,3000-01-01,,,,
25010813,Nisha,25010813,Amazon,Default,Malviya nagar,Associate,,,Default,,,1900-01-01,1900-01-01,1900-01-01,,,,,Working,3000-01-01,,,,
25010814,Indra,25010814,Amazon,Default,Malviya nagar,Associate,,,Default,,,1900-01-01,1900-01-01,1900-01-01,,,,,Working,3000-01-01,,,,
25010815,Shanu,25010815,Amazon,Default,Malviya nagar,Associate,,,Default,,,1900-01-01,1900-01-01,1900-01-01,,,,,Working,3000-01-01,,,,
25013151,Anil Sharma,25013151,Amazon,Default,Faridabad sec -2,SM,,,Default,,,1900-01-01,1900-01-01,1900-01-01,,,,,Working,3000-01-01,,,,
25013152,Arjun Rawat,25013152,Amazon,Default,Faridabad sec -2,PA,,,Default,,,1900-01-01,1900-01-01,1900-01-01,,,,,Working,3000-01-01,,,,
25013153,Kapil Rawat,25013153,Amazon,Default,Faridabad sec -2,QA,,,Default,,,1900-01-01,1900-01-01,1900-01-01,,,,,Working,3000-01-01,,,,
25013154,Aniket Tomar,25013154,Amazon,Default,Faridabad sec -2,SI,,,Default,,,1900-01-01,1900-01-01,1900-01-01,,,,,Working,3000-01-01,,,,
25013155,Shivender Saraswat,25013155,Amazon,Default,Faridabad sec -2,SI,,,Default,,,1900-01-01,1900-01-01,1900-01-01,,,,,Working,3000-01-01,,,,
25013156,Sachin Rawat,25013156,Amazon,Default,Faridabad sec -2,SI,,,Default,,,1900-01-01,1900-01-01,1900-01-01,,,,,Working,3000-01-01,,,,
25013101,Mohit,25013101,Amazon,Default,Faridabad sec -2,Associate,,,Default,,,1900-01-01,1900-01-01,1900-01-01,,,,,Working,3000-01-01,,,,
25013102,Sakshi,25013102,Amazon,Default,Faridabad sec -2,Associate,,,Default,,,1900-01-01,1900-01-01,1900-01-01,,,,,Working,3000-01-01,,,,
25013103,Aanchal,25013103,Amazon,Default,Faridabad sec -2,Associate,,,Default,,,1900-01-01,1900-01-01,1900-01-01,,,,,Working,3000-01-01,,,,
25013104,Saniya,25013104,Amazon,Default,Faridabad sec -2,Associate,,,Default,,,1900-01-01,1900-01-01,1900-01-01,,,,,Working,3000-01-01,,,,
25013105,Nisha,25013105,Amazon,Default,Faridabad sec -2,Associate,,,Default,,,1900-01-01,1900-01-01,1900-01-01,,,,,Working,3000-01-01,,,,
25013106,Nancy,25013106,Amazon,Default,Faridabad sec -2,Associate,,,Default,,,1900-01-01,1900-01-01,1900-01-01,,,,,Working,3000-01-01,,,,
25013107,Altamsh,25013107,Amazon,Default,Faridabad sec -2,Associate,,,Default,,,1900-01-01,1900-01-01,1900-01-01,,,,,Working,3000-01-01,,,,
25013108,Suraj,25013108,Amazon,Default,Faridabad sec -2,Associate,,,Default,,,1900-01-01,1900-01-01,1900-01-01,,,,,Working,3000-01-01,,,,
25013109,Rahul kumar,25013109,Amazon,Default,Faridabad sec -2,Associate,,,Default,,,1900-01-01,1900-01-01,1900-01-01,,,,,Working,3000-01-01,,,,
25013110,Deepanshu Deshwal,25013110,Amazon,Default,Faridabad sec -2,Associate,,,Default,,,1900-01-01,1900-01-01,1900-01-01,,,,,Working,3000-01-01,,,,
25013111,Deepak Kumar,25013111,Amazon,Default,Faridabad sec -2,Associate,,,Default,,,1900-01-01,1900-01-01,1900-01-01,,,,,Working,3000-01-01,,,,
25013112,Aryan,25013112,Amazon,Default,Faridabad sec -2,Associate,,,Default,,,1900-01-01,1900-01-01,1900-01-01,,,,,Working,3000-01-01,,,,
25013113,Pankaj,25013113,Amazon,Default,Faridabad sec -2,Associate,,,Default,,,1900-01-01,1900-01-01,1900-01-01,,,,,Working,3000-01-01,,,,
25013114,Dev,25013114,Amazon,Default,Faridabad sec -2,Associate,,,Default,,,1900-01-01,1900-01-01,1900-01-01,,,,,Working,3000-01-01,,,,
25013115,Prerak,25013115,Amazon,Default,Faridabad sec -2,Associate,,,Default,,,1900-01-01,1900-01-01,1900-01-01,,,,,Working,3000-01-01,,,,
25013116,Himanshu,25013116,Amazon,Default,Faridabad sec -2,Associate,,,Default,,,1900-01-01,1900-01-01,1900-01-01,,,,,Working,3000-01-01,,,,
25013117,Himanshu Singh,25013117,Amazon,Default,Faridabad sec -2,Associate,,,Default,,,1900-01-01,1900-01-01,1900-01-01,,,,,Working,3000-01-01,,,,
14102006,14102006,14102006,DefaultCompany,DefaultDepartment,Malviya nagar,None,None,None,DefaultCategory,None,Male,1900-01-01,1900-01-01,1900-01-01,,,,,Working,3000-01-01,,,,
25010858,25010858,25010858,DefaultCompany,DefaultDepartment,Malviya nagar,None,None,None,DefaultCategory,None,Male,1900-01-01,1900-01-01,1900-01-01,,,,,Working,3000-01-01,,,,
2025010651,Vishal,2025010651,Amazon,jahangirpuri,jahangirpuri,SM,,,Default,,,1900-01-01,1900-01-01,1900-01-01,,,,,Working,3000-01-01,,,,
2025010652,SACHIN SWAMI,2025010652,Amazon,jahangirpuri,jahangirpuri,PA,,,Default,,,1900-01-01,1900-01-01,1900-01-01,,,,,Working,3000-01-01,,,,
2025010653,NIDHI,2025010653,Amazon,jahangirpuri,jahangirpuri,QA,,,Default,,,1900-01-01,1900-01-01,1900-01-01,,,,,Working,3000-01-01,,,,
2025010654,DEEPANSHU,2025010654,Amazon,jahangirpuri,jahangirpuri,SI,,,Default,,,1900-01-01,1900-01-01,1900-01-01,,,,,Working,3000-01-01,,,,
2025010655,AMIT,2025010655,Amazon,jahangirpuri,jahangirpuri,SI,,,Default,,,1900-01-01,1900-01-01,1900-01-01,,,,,Working,3000-01-01,,,,
2025010656,SUNIL,2025010656,Amazon,jahangirpuri,jahangirpuri,SI,,,Default,,,1900-01-01,1900-01-01,1900-01-01,,,,,Working,3000-01-01,,,,
2025010628,ANJALI,2025010628,Amazon,jahangirpuri,jahangirpuri,Associate,,,Default,,,1900-01-01,1900-01-01,1900-01-01,,,,,Working,3000-01-01,,,,
2025010625,HEMLATA,2025010625,Amazon,jahangirpuri,jahangirpuri,Associate,,,Default,,,1900-01-01,1900-01-01,1900-01-01,,,,,Working,3000-01-01,,,,
2025010610,NITIN,2025010610,Amazon,jahangirpuri,jahangirpuri,Associate,,,Default,,,1900-01-01,1900-01-01,1900-01-01,,,,,Working,3000-01-01,,,,
2025010611,Yug,2025010611,Amazon,jahangirpuri,jahangirpuri,Associate,,,Default,,,1900-01-01,1900-01-01,1900-01-01,,,,,Working,3000-01-01,,,,
2025010612,Rohit,2025010612,Amazon,jahangirpuri,jahangirpuri,Associate,,,Default,,,1900-01-01,1900-01-01,1900-01-01,,,,,Working,3000-01-01,,,,
2025010613,SONU,2025010613,Amazon,jahangirpuri,jahangirpuri,Associate,,,Default,,,1900-01-01,1900-01-01,1900-01-01,,,,,Working,3000-01-01,,,,
2025010626,KAPIL,2025010626,Amazon,jahangirpuri,jahangirpuri,Associate,,,Default,,,1900-01-01,1900-01-01,1900-01-01,,,,,Working,3000-01-01,,,,
2025010630,Aditya Kumar,2025010630,Amazon,jahangirpuri,jahangirpuri,Associate,,,Default,,,1900-01-01,1900-01-01,1900-01-01,,,,,Working,3000-01-01,,,,
2025010629,Vikas,2025010629,Amazon,jahangirpuri,jahangirpuri,Associate,,,Default,,,1900-01-01,1900-01-01,1900-01-01,,,,,Working,3000-01-01,,,,
2025010614,Mohit,2025010614,Amazon,jahangirpuri,jahangirpuri,Associate,,,Default,,,1900-01-01,1900-01-01,1900-01-01,,,,,Working,3000-01-01,,,,
2025010615,DEEPAK,2025010615,Amazon,jahangirpuri,jahangirpuri,Associate,,,Default,,,1900-01-01,1900-01-01,1900-01-01,,,,,Working,3000-01-01,,,,
2025010616,ROHIT RAJPUT,2025010616,Amazon,jahangirpuri,jahangirpuri,Associate,,,Default,,,1900-01-01,1900-01-01,1900-01-01,,,,,Working,3000-01-01,,,,
2025010617,SABIR,2025010617,Amazon,jahangirpuri,jahangirpuri,Associate,,,Default,,,1900-01-01,1900-01-01,1900-01-01,,,,,Working,3000-01-01,,,,
2025010618,GULSHEED,2025010618,Amazon,jahangirpuri,jahangirpuri,Associate,,,Default,,,1900-01-01,1900-01-01,1900-01-01,,,,,Working,3000-01-01,,,,
2025010619,RAHUL,2025010619,Amazon,jahangirpuri,jahangirpuri,Associate,,,Default,,,1900-01-01,1900-01-01,1900-01-01,,,,,Working,3000-01-01,,,,
25010816,Shami,25010816,Amazon,Default,Malviya nagar,House keeping,,,Default,,Male,2026-08-01,2026-08-01,2001-01-01,,,,,Working,3000-01-01,,,,
25010817,⁠vinod pal,25010817,Amazon,Default,Malviya nagar,House keeping,,,Default,,Male,2026-08-01,2026-08-01,2001-01-01,,,,,Working,3000-01-01,,,,
25010818,Kapil,25010818,Amazon,Default,Malviya nagar,Associate,,,Default,,Male,2026-08-01,2026-08-01,2004-01-01,,,,,Working,3000-01-01,,,,
25010859,25010859,25010859,DefaultCompany,DefaultDepartment,Malviya nagar,None,None,None,DefaultCategory,None,Male,1900-01-01,1900-01-01,1900-01-01,,,,,Working,3000-01-01,,,,
25010860,25010860,25010860,DefaultCompany,DefaultDepartment,Malviya nagar,None,None,None,DefaultCategory,None,Male,1900-01-01,1900-01-01,1900-01-01,,,,,Working,3000-01-01,,,,
25010819,Mehak,25010819,Amazon,Default,Malviya nagar,Associate,,,Default,,,1900-01-01,1900-01-01,1900-01-01,,,,,Working,3000-01-01,,,,
25010820,Heena,25010820,Amazon,Default,Malviya nagar,Associate,,,Default,,,1900-01-01,1900-01-01,1900-01-01,,,,,Working,3000-01-01,,,,
25010821,javed khan,25010821,Amazon,Default,Malviya nagar,Associate,,,Default,,,1900-01-01,1900-01-01,1900-01-01,,,,,Working,3000-01-01,,,,
TDA8000001,Mohd Tarik,TDA8000001,DefaultCompany,DefaultDepartment,Saket,None,None,None,DefaultCategory,None,Male,1900-01-01,1900-01-01,1900-01-01,,,,,Working,3000-01-01,,,,
TDA8000002,Farzan Khan,TDA8000002,DefaultCompany,DefaultDepartment,Saket,None,None,None,DefaultCategory,None,Male,1900-01-01,1900-01-01,1900-01-01,,,,,Working,3000-01-01,,,,
TDA8000006,Ketan Kumar,TDA8000006,DefaultCompany,DefaultDepartment,Saket,None,None,None,DefaultCategory,None,Male,1900-01-01,1900-01-01,1900-01-01,,,,,Working,3000-01-01,,,,
TDA8000011,Shahzeb,TDA8000011,DefaultCompany,DefaultDepartment,Saket,None,None,None,DefaultCategory,None,Male,1900-01-01,1900-01-01,1900-01-01,,,,,Working,3000-01-01,,,,
TDA8000012,Sunil,TDA8000012,DefaultCompany,DefaultDepartment,Saket,None,None,None,DefaultCategory,None,Male,1900-01-01,1900-01-01,1900-01-01,,,,,Working,3000-01-01,,,,
TDA8000004,Rahul Kumar,TDA8000004,DefaultCompany,DefaultDepartment,Saket,None,None,None,DefaultCategory,None,Male,1900-01-01,1900-01-01,1900-01-01,,,,,Working,3000-01-01,,,,
TDA8000005,Farukh,TDA8000005,DefaultCompany,DefaultDepartment,Saket,None,None,None,DefaultCategory,None,Male,1900-01-01,1900-01-01,1900-01-01,,,,,Working,3000-01-01,,,,
TDA8000013,Munish,TDA8000013,DefaultCompany,DefaultDepartment,Saket,None,None,None,DefaultCategory,None,Male,1900-01-01,1900-01-01,1900-01-01,,,,,Working,3000-01-01,,,,
TDA8000003,Umesh Gupta,TDA8000003,DefaultCompany,DefaultDepartment,Saket,None,None,None,DefaultCategory,None,Male,1900-01-01,1900-01-01,1900-01-01,,,,,Working,3000-01-01,,,,
TDA8000007,Shaad,TDA8000007,DefaultCompany,DefaultDepartment,Saket,None,None,None,DefaultCategory,None,Male,1900-01-01,1900-01-01,1900-01-01,,,,,Working,3000-01-01,,,,
TDA8000008,Shanu,TDA8000008,DefaultCompany,DefaultDepartment,Saket,None,None,None,DefaultCategory,None,Male,1900-01-01,1900-01-01,1900-01-01,,,,,Working,3000-01-01,,,,
TDA8000009,Vishal,TDA8000009,DefaultCompany,DefaultDepartment,Saket,None,None,None,DefaultCategory,None,Male,1900-01-01,1900-01-01,1900-01-01,,,,,Working,3000-01-01,,,,
TDA8000010,Roshni,TDA8000010,DefaultCompany,DefaultDepartment,Saket,None,None,None,DefaultCategory,None,Male,1900-01-01,1900-01-01,1900-01-01,,,,,Working,3000-01-01,,,,
TDA8000014,Dheeraj,TDA8000014,DefaultCompany,DefaultDepartment,Saket,None,None,None,DefaultCategory,None,Male,1900-01-01,1900-01-01,1900-01-01,,,,,Working,3000-01-01,,,,
25010101,MOHD TARIK,25010101,DefaultCompany,DefaultDepartment,Saket,None,None,None,DefaultCategory,None,Male,1900-01-01,1900-01-01,1900-01-01,,,,,Working,3000-01-01,,,,
25010102,DHEERAJ,25010102,DefaultCompany,DefaultDepartment,Saket,None,None,None,DefaultCategory,None,Male,1900-01-01,1900-01-01,1900-01-01,,,,,Working,3000-01-01,,,,
25010104,Shahzeb,25010104,DefaultCompany,DefaultDepartment,Saket,None,None,None,DefaultCategory,None,Male,1900-01-01,1900-01-01,1900-01-01,,,,,Working,3000-01-01,,,,
25010107,Umesh,25010107,DefaultCompany,DefaultDepartment,Saket,None,None,None,DefaultCategory,None,Male,1900-01-01,1900-01-01,1900-01-01,,,,,Working,3000-01-01,,,,
25010108,Ketan,25010108,DefaultCompany,DefaultDepartment,Saket,None,None,None,DefaultCategory,None,Male,1900-01-01,1900-01-01,1900-01-01,,,,,Working,3000-01-01,,,,
25010109,Farzan,25010109,DefaultCompany,DefaultDepartment,Saket,None,None,None,DefaultCategory,None,Male,1900-01-01,1900-01-01,1900-01-01,,,,,Working,3000-01-01,,,,
25010110,Farukh,25010110,DefaultCompany,DefaultDepartment,Saket,None,None,None,DefaultCategory,None,Male,1900-01-01,1900-01-01,1900-01-01,,,,,Working,3000-01-01,,,,
25010111,Rahul,25010111,DefaultCompany,DefaultDepartment,Saket,None,None,None,DefaultCategory,None,Male,1900-01-01,1900-01-01,1900-01-01,,,,,Working,3000-01-01,,,,
25010112,Puran,25010112,DefaultCompany,DefaultDepartment,Saket,None,None,None,DefaultCategory,None,Male,1900-01-01,1900-01-01,1900-01-01,,,,,Working,3000-01-01,,,,
25010113,Rajeev,25010113,DefaultCompany,DefaultDepartment,Saket,None,None,None,DefaultCategory,None,Male,1900-01-01,1900-01-01,1900-01-01,,,,,Working,3000-01-01,,,,
25010114,Deepu,25010114,DefaultCompany,DefaultDepartment,Saket,None,None,None,DefaultCategory,None,Male,1900-01-01,1900-01-01,1900-01-01,,,,,Working,3000-01-01,,,,
25010115,Akash,25010115,DefaultCompany,DefaultDepartment,Saket,None,None,None,DefaultCategory,None,Male,1900-01-01,1900-01-01,1900-01-01,,,,,Working,3000-01-01,,,,
25010116,Sahil,25010116,DefaultCompany,DefaultDepartment,Saket,None,None,None,DefaultCategory,None,Male,1900-01-01,1900-01-01,1900-01-01,,,,,Working,3000-01-01,,,,
25010117,Nasir,25010117,DefaultCompany,DefaultDepartment,Saket,None,None,None,DefaultCategory,None,Male,1900-01-01,1900-01-01,1900-01-01,,,,,Working,3000-01-01,,,,
25010118,Hukam,25010118,DefaultCompany,DefaultDepartment,Saket,None,None,None,DefaultCategory,None,Male,1900-01-01,1900-01-01,1900-01-01,,,,,Working,3000-01-01,,,,
2501019,Faisal,2501019,DefaultCompany,DefaultDepartment,Saket,None,None,None,DefaultCategory,None,Male,1900-01-01,1900-01-01,1900-01-01,,,,,Working,3000-01-01,,,,
25010106,Shaan,25010106,DefaultCompany,DefaultDepartment,Saket,None,None,None,DefaultCategory,None,Male,1900-01-01,1900-01-01,1900-01-01,,,,,Working,3000-01-01,,,,
2501250120,RAKHI,2501250120,DefaultCompany,DefaultDepartment,Saket,None,None,None,DefaultCategory,None,Male,1900-01-01,1900-01-01,1900-01-01,,,,,Working,3000-01-01,,,,
25010103,Vishal,25010103,DefaultCompany,DefaultDepartment,Saket,None,None,None,DefaultCategory,None,Male,1900-01-01,1900-01-01,1900-01-01,,,,,Working,3000-01-01,,,,
25010121,Sunil,25010121,DefaultCompany,DefaultDepartment,Saket,None,None,None,DefaultCategory,None,Male,1900-01-01,1900-01-01,1900-01-01,,,,,Working,3000-01-01,,,,
25010105,Shaad,25010105,DefaultCompany,DefaultDepartment,Saket,None,None,None,DefaultCategory,None,Male,1900-01-01,1900-01-01,1900-01-01,,,,,Working,3000-01-01,,,,
25010122,Poonam,25010122,DefaultCompany,DefaultDepartment,Saket,None,None,None,DefaultCategory,None,Male,1900-01-01,1900-01-01,1900-01-01,,,,,Working,3000-01-01,,,,
25010123,Roshni,25010123,DefaultCompany,DefaultDepartment,Saket,None,None,None,DefaultCategory,None,Male,1900-01-01,1900-01-01,1900-01-01,,,,,Working,3000-01-01,,,,
250250124,RAEES,250250124,DefaultCompany,DefaultDepartment,Saket,None,None,None,DefaultCategory,None,Male,1900-01-01,1900-01-01,1900-01-01,,,,,Working,3000-01-01,,,,
25011101,Himanhu Ranjan,25011101,Amazon,Default,Faridabad sec-86,Associate,,,Default,,,1900-01-01,1900-01-01,1900-01-01,,,,,Working,3000-01-01,,,,
25011102,Vikas,25011102,Amazon,Default,Faridabad sec-86,Associate,,,Default,,,1900-01-01,1900-01-01,1900-01-01,,,,,Working,3000-01-01,,,,
25011103,Vikas Kumar,25011103,Amazon,Default,Faridabad sec-86,Associate,,,Default,,,1900-01-01,1900-01-01,1900-01-01,,,,,Working,3000-01-01,,,,
25011104,Rishab Solanki,25011104,Amazon,Default,Faridabad sec-86,Associate,,,Default,,,1900-01-01,1900-01-01,1900-01-01,,,,,Working,3000-01-01,,,,
25011105,Raj Solanki,25011105,Amazon,Default,Faridabad sec-86,Associate,,,Default,,,1900-01-01,1900-01-01,1900-01-01,,,,,Working,3000-01-01,,,,
25011106,Vishal,25011106,Amazon,Default,Faridabad sec-86,Associate,,,Default,,,1900-01-01,1900-01-01,1900-01-01,,,,,Working,3000-01-01,,,,
25011107,Kapil Lohia,25011107,Amazon,Default,Faridabad sec-86,Associate,,,Default,,,1900-01-01,1900-01-01,1900-01-01,,,,,Working,3000-01-01,,,,
25011108,Vansh Chandila,25011108,Amazon,Default,Faridabad sec-86,Associate,,,Default,,,1900-01-01,1900-01-01,1900-01-01,,,,,Working,3000-01-01,,,,
25011109,Kapil Misra,25011109,Amazon,Default,Faridabad sec-86,Associate,,,Default,,,1900-01-01,1900-01-01,1900-01-01,,,,,Working,3000-01-01,,,,
25011110,Suraj,25011110,Amazon,Default,Faridabad sec-86,Associate,,,Default,,,1900-01-01,1900-01-01,1900-01-01,,,,,Working,3000-01-01,,,,
25011111,Astha Rawat,25011111,Amazon,Default,Faridabad sec-86,Associate,,,Default,,,1900-01-01,1900-01-01,1900-01-01,,,,,Working,3000-01-01,,,,
25011112,Parchi Rawat,25011112,Amazon,Default,Faridabad sec-86,Associate,,,Default,,,1900-01-01,1900-01-01,1900-01-01,,,,,Working,3000-01-01,,,,
25011113,Jyoti,25011113,Amazon,Default,Faridabad sec-86,Associate,,,Default,,,1900-01-01,1900-01-01,1900-01-01,,,,,Working,3000-01-01,,,,
25010822,Lovekesh Kumar,25010822,Amazon,Default,Malviya nagar,House keeping,,,Default,,Male,2026-08-31,2026-08-31,2001-01-01,,,,,Working,3000-01-01,,,,